REVIEW_ID,DEVICE_ID,LOT_NUMBER,PRODUCT,REGION,DATE,REVIEW_TEXT,RATING
1,SC-2024-341-001,LOT341,SmartCollar,EMEA,2024-10-23,"Meets basic needs, solid product overall.",3
2,SC-2024-341-002,LOT341,SmartCollar,EMEA,2024-12-05,Fantastic device with consistent performance. Great value for money.,5
3,SC-2024-341-003,LOT341,SmartCollar,EMEA,2024-12-08,Best pet collar we've owned. Build quality is outstanding.,5
4,SC-2024-341-004,LOT341,SmartCollar,EMEA,2024-10-21,Fantastic device with consistent performance. Great value for money.,4
5,SC-2024-341-005,LOT341,SmartCollar,EMEA,2024-11-26,Works perfectly in all weather conditions. Highly recommend!,4
6,SC-2024-341-006,LOT341,SmartCollar,EMEA,2024-11-05,Fantastic device with consistent performance. Great value for money.,4
7,SC-2024-341-007,LOT341,SmartCollar,EMEA,2024-12-02,Exceptional quality and reliability. Could not be happier!,4
8,SC-2024-341-008,LOT341,SmartCollar,EMEA,2024-11-01,Very impressed with the durability and battery life.,4
9,SC-2024-341-009,LOT341,SmartCollar,EMEA,2024-11-28,Works perfectly in all weather conditions. Highly recommend!,5
10,SC-2024-341-010,LOT341,SmartCollar,EMEA,2024-10-31,Love this product! Battery lasts forever and GPS is accurate.,5
11,SC-2024-341-011,LOT341,SmartCollar,EMEA,2024-10-24,Perfect collar with amazing battery performance. Highly recommend!,4
12,SC-2024-341-012,LOT341,SmartCollar,EMEA,2024-10-31,Satisfactory performance overall. Does what it should.,2
13,SC-2024-341-013,LOT341,SmartCollar,EMEA,2024-11-14,Fantastic device with consistent performance. Great value for money.,5
14,SC-2024-341-014,LOT341,SmartCollar,EMEA,2024-11-21,Perfect collar with amazing battery performance. Highly recommend!,4
15,SC-2024-341-015,LOT341,SmartCollar,EMEA,2024-12-11,Works perfectly in all weather conditions. Highly recommend!,4
16,SC-2024-341-016,LOT341,SmartCollar,EMEA,2024-10-22,Satisfactory performance overall. Does what it should.,3
17,SC-2024-341-017,LOT341,SmartCollar,EMEA,2024-11-23,"Meets basic needs, solid product overall.",3
18,SC-2024-341-018,LOT341,SmartCollar,EMEA,2024-12-09,Exceptional quality and reliability. Could not be happier!,4
19,SC-2024-341-019,LOT341,SmartCollar,EMEA,2024-10-19,Perfect collar with amazing battery performance. Highly recommend!,4
20,SC-2024-341-020,LOT341,SmartCollar,EMEA,2024-11-29,Perfect collar with amazing battery performance. Highly recommend!,4
21,SC-2024-341-021,LOT341,SmartCollar,EMEA,2024-11-29,Perfect collar with amazing battery performance. Highly recommend!,4
22,SC-2024-341-022,LOT341,SmartCollar,EMEA,2024-10-19,Works as expected. Decent value for money.,3
23,SC-2024-341-023,LOT341,SmartCollar,EMEA,2024-11-07,Satisfactory performance overall. Does what it should.,2
24,SC-2024-341-024,LOT341,SmartCollar,EMEA,2024-10-27,Very impressed with the durability and battery life.,4
25,SC-2024-341-025,LOT341,SmartCollar,EMEA,2024-11-19,Satisfactory performance overall. Does what it should.,2
26,SC-2024-341-026,LOT341,SmartCollar,EMEA,2024-11-11,Love this product! Battery lasts forever and GPS is accurate.,4
27,SC-2024-341-027,LOT341,SmartCollar,EMEA,2024-10-25,Best pet collar we've owned. Build quality is outstanding.,5
28,SC-2024-341-028,LOT341,SmartCollar,EMEA,2024-11-10,Love this product! Battery lasts forever and GPS is accurate.,5
29,SC-2024-341-029,LOT341,SmartCollar,EMEA,2024-10-28,Perfect collar with amazing battery performance. Highly recommend!,5
30,SC-2024-341-030,LOT341,SmartCollar,EMEA,2024-11-30,Exceptional quality and reliability. Could not be happier!,5
31,SC-2024-341-031,LOT341,SmartCollar,EMEA,2024-10-24,Works perfectly in all weather conditions. Highly recommend!,4
32,SC-2024-341-032,LOT341,SmartCollar,EMEA,2024-11-30,Best pet collar we've owned. Build quality is outstanding.,5
33,SC-2024-341-033,LOT341,SmartCollar,EMEA,2024-12-07,Best pet collar we've owned. Build quality is outstanding.,4
34,SC-2024-341-034,LOT341,SmartCollar,EMEA,2024-11-30,Very impressed with the durability and battery life.,4
35,SC-2024-341-035,LOT341,SmartCollar,EMEA,2024-11-20,Very impressed with the durability and battery life.,4
36,SC-2024-341-036,LOT341,SmartCollar,EMEA,2024-12-04,Good basic functionality but always room for improvement.,3
37,SC-2024-341-037,LOT341,SmartCollar,EMEA,2024-11-29,Fantastic device with consistent performance. Great value for money.,5
38,SC-2024-341-038,LOT341,SmartCollar,EMEA,2024-11-19,Fantastic device with consistent performance. Great value for money.,4
39,SC-2024-341-039,LOT341,SmartCollar,EMEA,2024-11-28,Love this product! Battery lasts forever and GPS is accurate.,4
40,SC-2024-341-040,LOT341,SmartCollar,EMEA,2024-10-28,Works perfectly in all weather conditions. Highly recommend!,4
41,SC-2024-341-041,LOT341,SmartCollar,EMEA,2024-11-26,"Meets basic needs, solid product overall.",3
42,SC-2024-341-042,LOT341,SmartCollar,EMEA,2024-11-20,Fantastic device with consistent performance. Great value for money.,5
43,SC-2024-341-043,LOT341,SmartCollar,EMEA,2024-12-13,Exceptional quality and reliability. Could not be happier!,4
44,SC-2024-341-044,LOT341,SmartCollar,EMEA,2024-10-27,Great device with excellent battery life. Very satisfied with performance.,4
45,SC-2024-341-045,LOT341,SmartCollar,EMEA,2024-11-10,Exceptional quality and reliability. Could not be happier!,5
46,SC-2024-341-046,LOT341,SmartCollar,EMEA,2024-10-29,Fantastic device with consistent performance. Great value for money.,5
47,SC-2024-341-047,LOT341,SmartCollar,EMEA,2024-11-06,Good basic functionality but always room for improvement.,3
48,SC-2024-341-048,LOT341,SmartCollar,EMEA,2024-11-16,Love this product! Battery lasts forever and GPS is accurate.,5
49,SC-2024-341-049,LOT341,SmartCollar,EMEA,2024-11-12,Perfect collar with amazing battery performance. Highly recommend!,4
50,SC-2024-341-050,LOT341,SmartCollar,EMEA,2024-12-02,Exceptional quality and reliability. Could not be happier!,4
51,SC-2024-341-051,LOT341,SmartCollar,EMEA,2024-12-08,Fantastic device with consistent performance. Great value for money.,5
52,SC-2024-341-052,LOT341,SmartCollar,EMEA,2024-11-06,Best pet collar we've owned. Build quality is outstanding.,4
53,SC-2024-341-053,LOT341,SmartCollar,EMEA,2024-12-06,Best pet collar we've owned. Build quality is outstanding.,5
54,SC-2024-341-054,LOT341,SmartCollar,EMEA,2024-11-16,"Meets basic needs, solid product overall.",3
55,SC-2024-341-055,LOT341,SmartCollar,EMEA,2024-10-29,Perfect collar with amazing battery performance. Highly recommend!,5
56,SC-2024-341-056,LOT341,SmartCollar,EMEA,2024-11-18,Best pet collar we've owned. Build quality is outstanding.,5
57,SC-2024-341-057,LOT341,SmartCollar,EMEA,2024-11-09,Best pet collar we've owned. Build quality is outstanding.,5
58,SC-2024-341-058,LOT341,SmartCollar,EMEA,2024-11-06,Works perfectly in all weather conditions. Highly recommend!,5
59,SC-2024-341-059,LOT341,SmartCollar,EMEA,2024-10-21,Very impressed with the durability and battery life.,5
60,SC-2024-341-060,LOT341,SmartCollar,EMEA,2024-11-10,Satisfactory performance overall. Does what it should.,3
61,SC-2024-341-061,LOT341,SmartCollar,EMEA,2024-11-08,Best pet collar we've owned. Build quality is outstanding.,4
62,SC-2024-341-062,LOT341,SmartCollar,EMEA,2024-12-10,Great device with excellent battery life. Very satisfied with performance.,5
63,SC-2024-341-063,LOT341,SmartCollar,EMEA,2024-11-28,Best pet collar we've owned. Build quality is outstanding.,5
64,SC-2024-341-064,LOT341,SmartCollar,EMEA,2024-11-01,Fantastic device with consistent performance. Great value for money.,4
65,SC-2024-341-065,LOT341,SmartCollar,EMEA,2024-11-18,Satisfactory performance overall. Does what it should.,3
66,SC-2024-341-066,LOT341,SmartCollar,EMEA,2024-10-18,Love this product! Battery lasts forever and GPS is accurate.,4
67,SC-2024-341-067,LOT341,SmartCollar,EMEA,2024-11-23,Very impressed with the durability and battery life.,5
68,SC-2024-341-068,LOT341,SmartCollar,EMEA,2024-11-10,Perfect collar with amazing battery performance. Highly recommend!,4
69,SC-2024-341-069,LOT341,SmartCollar,EMEA,2024-11-17,Very impressed with the durability and battery life.,5
70,SC-2024-341-070,LOT341,SmartCollar,EMEA,2024-11-10,Satisfactory performance overall. Does what it should.,3
71,SC-2024-341-071,LOT341,SmartCollar,EMEA,2024-11-25,Best pet collar we've owned. Build quality is outstanding.,5
72,SC-2024-341-072,LOT341,SmartCollar,EMEA,2024-11-19,Best pet collar we've owned. Build quality is outstanding.,4
73,SC-2024-341-073,LOT341,SmartCollar,EMEA,2024-11-20,Works perfectly in all weather conditions. Highly recommend!,4
74,SC-2024-341-074,LOT341,SmartCollar,EMEA,2024-11-18,"Meets basic needs, solid product overall.",3
75,SC-2024-341-075,LOT341,SmartCollar,EMEA,2024-12-09,Very impressed with the durability and battery life.,5
76,SC-2024-341-076,LOT341,SmartCollar,EMEA,2024-11-26,Best pet collar we've owned. Build quality is outstanding.,5
77,SC-2024-341-077,LOT341,SmartCollar,EMEA,2024-11-06,Works perfectly in all weather conditions. Highly recommend!,4
78,SC-2024-341-078,LOT341,SmartCollar,EMEA,2024-11-16,Love this product! Battery lasts forever and GPS is accurate.,4
79,SC-2024-341-079,LOT341,SmartCollar,EMEA,2024-10-25,Great device with excellent battery life. Very satisfied with performance.,4
80,SC-2024-341-080,LOT341,SmartCollar,EMEA,2024-10-29,Best pet collar we've owned. Build quality is outstanding.,5
81,SC-2024-341-081,LOT341,SmartCollar,EMEA,2024-12-13,Works perfectly in all weather conditions. Highly recommend!,5
82,SC-2024-341-082,LOT341,SmartCollar,EMEA,2024-11-30,Good basic functionality but always room for improvement.,2
83,SC-2024-341-083,LOT341,SmartCollar,EMEA,2024-11-09,Exceptional quality and reliability. Could not be happier!,5
84,SC-2024-341-084,LOT341,SmartCollar,EMEA,2024-11-12,Very impressed with the durability and battery life.,5
85,SC-2024-341-085,LOT341,SmartCollar,EMEA,2024-10-15,Best pet collar we've owned. Build quality is outstanding.,4
86,SC-2024-341-086,LOT341,SmartCollar,EMEA,2024-11-07,Exceptional quality and reliability. Could not be happier!,5
87,SC-2024-341-087,LOT341,SmartCollar,EMEA,2024-10-22,Fantastic device with consistent performance. Great value for money.,4
88,SC-2024-341-088,LOT341,SmartCollar,EMEA,2024-10-16,Very impressed with the durability and battery life.,4
89,SC-2024-341-089,LOT341,SmartCollar,EMEA,2024-10-18,Very impressed with the durability and battery life.,4
90,SC-2024-341-090,LOT341,SmartCollar,EMEA,2024-10-15,Love this product! Battery lasts forever and GPS is accurate.,5
91,SC-2024-341-091,LOT341,SmartCollar,EMEA,2024-11-19,Works as expected. Decent value for money.,3
92,SC-2024-341-092,LOT341,SmartCollar,EMEA,2024-11-09,Works as expected. Decent value for money.,3
93,SC-2024-341-093,LOT341,SmartCollar,EMEA,2024-12-07,Works as expected. Decent value for money.,3
94,SC-2024-341-094,LOT341,SmartCollar,EMEA,2024-11-07,Works as expected. Decent value for money.,3
95,SC-2024-341-095,LOT341,SmartCollar,EMEA,2024-11-08,Perfect collar with amazing battery performance. Highly recommend!,5
96,SC-2024-341-096,LOT341,SmartCollar,EMEA,2024-11-09,Best pet collar we've owned. Build quality is outstanding.,4
97,SC-2024-341-097,LOT341,SmartCollar,EMEA,2024-11-04,Works perfectly in all weather conditions. Highly recommend!,5
98,SC-2024-341-098,LOT341,SmartCollar,EMEA,2024-11-13,Works as expected. Decent value for money.,3
99,SC-2024-341-099,LOT341,SmartCollar,EMEA,2024-11-23,Works perfectly in all weather conditions. Highly recommend!,5
100,SC-2024-341-100,LOT341,SmartCollar,EMEA,2024-12-06,Very impressed with the durability and battery life.,5
101,SC-2024-341-101,LOT341,SmartCollar,EMEA,2024-11-06,Fantastic device with consistent performance. Great value for money.,4
102,SC-2024-341-102,LOT341,SmartCollar,EMEA,2024-11-01,Very impressed with the durability and battery life.,4
103,SC-2024-341-103,LOT341,SmartCollar,EMEA,2024-12-13,"Meets basic needs, solid product overall.",3
104,SC-2024-341-104,LOT341,SmartCollar,EMEA,2024-12-02,Works perfectly in all weather conditions. Highly recommend!,4
105,SC-2024-341-105,LOT341,SmartCollar,EMEA,2024-10-31,Great device with excellent battery life. Very satisfied with performance.,4
106,SC-2024-341-106,LOT341,SmartCollar,EMEA,2024-11-21,Great device with excellent battery life. Very satisfied with performance.,4
107,SC-2024-341-107,LOT341,SmartCollar,EMEA,2024-11-27,Exceptional quality and reliability. Could not be happier!,5
108,SC-2024-341-108,LOT341,SmartCollar,EMEA,2024-12-05,Fantastic device with consistent performance. Great value for money.,4
109,SC-2024-341-109,LOT341,SmartCollar,EMEA,2024-10-29,Love this product! Battery lasts forever and GPS is accurate.,5
110,SC-2024-341-110,LOT341,SmartCollar,EMEA,2024-12-05,Perfect collar with amazing battery performance. Highly recommend!,5
111,SC-2024-341-111,LOT341,SmartCollar,EMEA,2024-12-07,Very impressed with the durability and battery life.,5
112,SC-2024-341-112,LOT341,SmartCollar,EMEA,2024-12-08,Fantastic device with consistent performance. Great value for money.,4
113,SC-2024-341-113,LOT341,SmartCollar,EMEA,2024-11-25,Works perfectly in all weather conditions. Highly recommend!,5
114,SC-2024-341-114,LOT341,SmartCollar,EMEA,2024-12-09,Satisfactory performance overall. Does what it should.,3
115,SC-2024-341-115,LOT341,SmartCollar,EMEA,2024-12-07,Satisfactory performance overall. Does what it should.,3
116,SC-2024-341-116,LOT341,SmartCollar,EMEA,2024-12-11,Satisfactory performance overall. Does what it should.,2
117,SC-2024-341-117,LOT341,SmartCollar,EMEA,2024-11-26,Works perfectly in all weather conditions. Highly recommend!,5
118,SC-2024-341-118,LOT341,SmartCollar,EMEA,2024-10-27,Fantastic device with consistent performance. Great value for money.,5
119,SC-2024-341-119,LOT341,SmartCollar,EMEA,2024-11-30,Best pet collar we've owned. Build quality is outstanding.,4
120,SC-2024-341-120,LOT341,SmartCollar,EMEA,2024-11-24,Works perfectly in all weather conditions. Highly recommend!,5
121,SC-2024-341-121,LOT341,SmartCollar,EMEA,2024-11-08,Very impressed with the durability and battery life.,4
122,SC-2024-341-122,LOT341,SmartCollar,EMEA,2024-11-22,Exceptional quality and reliability. Could not be happier!,5
123,SC-2024-341-123,LOT341,SmartCollar,EMEA,2024-10-24,"Meets basic needs, solid product overall.",2
124,SC-2024-341-124,LOT341,SmartCollar,EMEA,2024-11-12,Perfect collar with amazing battery performance. Highly recommend!,4
125,SC-2024-341-125,LOT341,SmartCollar,EMEA,2024-12-04,Love this product! Battery lasts forever and GPS is accurate.,4
126,SC-2024-341-126,LOT341,SmartCollar,EMEA,2024-10-21,Perfect collar with amazing battery performance. Highly recommend!,5
127,SC-2024-341-127,LOT341,SmartCollar,EMEA,2024-11-02,Works as expected. Decent value for money.,3
128,SC-2024-341-128,LOT341,SmartCollar,EMEA,2024-11-11,Works perfectly in all weather conditions. Highly recommend!,4
129,SC-2024-341-129,LOT341,SmartCollar,EMEA,2024-11-27,Satisfactory performance overall. Does what it should.,2
130,SC-2024-341-130,LOT341,SmartCollar,EMEA,2024-10-17,Perfect collar with amazing battery performance. Highly recommend!,4
131,SC-2024-341-131,LOT341,SmartCollar,EMEA,2024-10-17,Perfect collar with amazing battery performance. Highly recommend!,4
132,SC-2024-341-132,LOT341,SmartCollar,EMEA,2024-11-20,Best pet collar we've owned. Build quality is outstanding.,4
133,SC-2024-341-133,LOT341,SmartCollar,EMEA,2024-12-13,Perfect collar with amazing battery performance. Highly recommend!,4
134,SC-2024-341-134,LOT341,SmartCollar,EMEA,2024-10-15,Great device with excellent battery life. Very satisfied with performance.,5
135,SC-2024-341-135,LOT341,SmartCollar,EMEA,2024-12-04,Works perfectly in all weather conditions. Highly recommend!,4
136,SC-2024-341-136,LOT341,SmartCollar,EMEA,2024-11-13,Fantastic device with consistent performance. Great value for money.,4
137,SC-2024-341-137,LOT341,SmartCollar,EMEA,2024-11-12,Love this product! Battery lasts forever and GPS is accurate.,4
138,SC-2024-341-138,LOT341,SmartCollar,EMEA,2024-10-25,Satisfactory performance overall. Does what it should.,3
139,SC-2024-341-139,LOT341,SmartCollar,EMEA,2024-11-17,Great device with excellent battery life. Very satisfied with performance.,5
140,SC-2024-341-140,LOT341,SmartCollar,EMEA,2024-10-30,Best pet collar we've owned. Build quality is outstanding.,5
141,SC-2024-341-141,LOT341,SmartCollar,EMEA,2024-10-25,Great device with excellent battery life. Very satisfied with performance.,4
142,SC-2024-341-142,LOT341,SmartCollar,EMEA,2024-10-23,Best pet collar we've owned. Build quality is outstanding.,5
143,SC-2024-341-143,LOT341,SmartCollar,EMEA,2024-11-19,Satisfactory performance overall. Does what it should.,3
144,SC-2024-341-144,LOT341,SmartCollar,EMEA,2024-10-18,Best pet collar we've owned. Build quality is outstanding.,4
145,SC-2024-341-145,LOT341,SmartCollar,EMEA,2024-10-15,Works as expected. Decent value for money.,3
146,SC-2024-341-146,LOT341,SmartCollar,EMEA,2024-11-06,Very impressed with the durability and battery life.,4
147,SC-2024-341-147,LOT341,SmartCollar,EMEA,2024-12-10,Satisfactory performance overall. Does what it should.,3
148,SC-2024-341-148,LOT341,SmartCollar,EMEA,2024-10-22,Satisfactory performance overall. Does what it should.,3
149,SC-2024-341-149,LOT341,SmartCollar,EMEA,2024-10-21,Works as expected. Decent value for money.,2
150,SC-2024-341-150,LOT341,SmartCollar,EMEA,2024-10-26,Best pet collar we've owned. Build quality is outstanding.,4
151,SC-2024-341-151,LOT341,SmartCollar,EMEA,2024-11-24,Exceptional quality and reliability. Could not be happier!,5
152,SC-2024-341-152,LOT341,SmartCollar,EMEA,2024-12-05,Works perfectly in all weather conditions. Highly recommend!,4
153,SC-2024-341-153,LOT341,SmartCollar,EMEA,2024-11-17,Love this product! Battery lasts forever and GPS is accurate.,4
154,SC-2024-341-154,LOT341,SmartCollar,EMEA,2024-10-16,Works perfectly in all weather conditions. Highly recommend!,5
155,SC-2024-341-155,LOT341,SmartCollar,EMEA,2024-12-14,Perfect collar with amazing battery performance. Highly recommend!,4
156,SC-2024-341-156,LOT341,SmartCollar,EMEA,2024-10-24,Love this product! Battery lasts forever and GPS is accurate.,4
157,SC-2024-341-157,LOT341,SmartCollar,EMEA,2024-11-12,Love this product! Battery lasts forever and GPS is accurate.,4
158,SC-2024-341-158,LOT341,SmartCollar,EMEA,2024-11-22,Best pet collar we've owned. Build quality is outstanding.,4
159,SC-2024-341-159,LOT341,SmartCollar,EMEA,2024-10-27,Perfect collar with amazing battery performance. Highly recommend!,5
160,SC-2024-341-160,LOT341,SmartCollar,EMEA,2024-11-03,Fantastic device with consistent performance. Great value for money.,4
161,SC-2024-341-161,LOT341,SmartCollar,EMEA,2024-11-24,Great device with excellent battery life. Very satisfied with performance.,4
162,SC-2024-341-162,LOT341,SmartCollar,EMEA,2024-11-17,Works as expected. Decent value for money.,2
163,SC-2024-341-163,LOT341,SmartCollar,EMEA,2024-10-15,Fantastic device with consistent performance. Great value for money.,4
164,SC-2024-341-164,LOT341,SmartCollar,EMEA,2024-10-19,Very impressed with the durability and battery life.,5
165,SC-2024-341-165,LOT341,SmartCollar,EMEA,2024-11-13,Love this product! Battery lasts forever and GPS is accurate.,4
166,SC-2024-341-166,LOT341,SmartCollar,EMEA,2024-12-08,Exceptional quality and reliability. Could not be happier!,5
167,SC-2024-341-167,LOT341,SmartCollar,EMEA,2024-11-09,Fantastic device with consistent performance. Great value for money.,4
168,SC-2024-341-168,LOT341,SmartCollar,EMEA,2024-10-19,Exceptional quality and reliability. Could not be happier!,5
169,SC-2024-341-169,LOT341,SmartCollar,EMEA,2024-12-06,Great device with excellent battery life. Very satisfied with performance.,4
170,SC-2024-341-170,LOT341,SmartCollar,EMEA,2024-11-07,Perfect collar with amazing battery performance. Highly recommend!,4
171,SC-2024-341-171,LOT341,SmartCollar,EMEA,2024-11-25,Good basic functionality but always room for improvement.,3
172,SC-2024-341-172,LOT341,SmartCollar,EMEA,2024-11-05,"Meets basic needs, solid product overall.",3
173,SC-2024-341-173,LOT341,SmartCollar,EMEA,2024-12-14,Best pet collar we've owned. Build quality is outstanding.,5
174,SC-2024-341-174,LOT341,SmartCollar,EMEA,2024-11-18,Perfect collar with amazing battery performance. Highly recommend!,4
175,SC-2024-341-175,LOT341,SmartCollar,EMEA,2024-11-13,Best pet collar we've owned. Build quality is outstanding.,5
176,SC-2024-341-176,LOT341,SmartCollar,EMEA,2024-12-01,Perfect collar with amazing battery performance. Highly recommend!,4
177,SC-2024-341-177,LOT341,SmartCollar,EMEA,2024-12-04,Best pet collar we've owned. Build quality is outstanding.,4
178,SC-2024-341-178,LOT341,SmartCollar,EMEA,2024-10-19,Fantastic device with consistent performance. Great value for money.,4
179,SC-2024-341-179,LOT341,SmartCollar,EMEA,2024-10-19,Good basic functionality but always room for improvement.,3
180,SC-2024-341-180,LOT341,SmartCollar,EMEA,2024-11-29,Exceptional quality and reliability. Could not be happier!,5
181,SC-2024-341-181,LOT341,SmartCollar,EMEA,2024-10-18,Perfect collar with amazing battery performance. Highly recommend!,5
182,SC-2024-341-182,LOT341,SmartCollar,EMEA,2024-12-08,Exceptional quality and reliability. Could not be happier!,4
183,SC-2024-341-183,LOT341,SmartCollar,EMEA,2024-11-16,Great device with excellent battery life. Very satisfied with performance.,5
184,SC-2024-341-184,LOT341,SmartCollar,EMEA,2024-12-08,Very impressed with the durability and battery life.,5
185,SC-2024-341-185,LOT341,SmartCollar,EMEA,2024-11-05,Great device with excellent battery life. Very satisfied with performance.,5
186,SC-2024-341-186,LOT341,SmartCollar,EMEA,2024-11-15,Satisfactory performance overall. Does what it should.,3
187,SC-2024-341-187,LOT341,SmartCollar,EMEA,2024-10-19,Love this product! Battery lasts forever and GPS is accurate.,4
188,SC-2024-341-188,LOT341,SmartCollar,EMEA,2024-11-06,Best pet collar we've owned. Build quality is outstanding.,4
189,SC-2024-341-189,LOT341,SmartCollar,EMEA,2024-11-03,Fantastic device with consistent performance. Great value for money.,5
190,SC-2024-341-190,LOT341,SmartCollar,EMEA,2024-11-08,Great device with excellent battery life. Very satisfied with performance.,5
191,SC-2024-341-191,LOT341,SmartCollar,EMEA,2024-12-10,Very impressed with the durability and battery life.,5
192,SC-2024-341-192,LOT341,SmartCollar,EMEA,2024-11-21,Very impressed with the durability and battery life.,4
193,SC-2024-341-193,LOT341,SmartCollar,EMEA,2024-10-28,Good basic functionality but always room for improvement.,3
194,SC-2024-341-194,LOT341,SmartCollar,EMEA,2024-12-13,Exceptional quality and reliability. Could not be happier!,5
195,SC-2024-341-195,LOT341,SmartCollar,EMEA,2024-11-19,Fantastic device with consistent performance. Great value for money.,4
196,SC-2024-341-196,LOT341,SmartCollar,EMEA,2024-12-09,Love this product! Battery lasts forever and GPS is accurate.,5
197,SC-2024-341-197,LOT341,SmartCollar,EMEA,2024-10-21,Great device with excellent battery life. Very satisfied with performance.,5
198,SC-2024-341-198,LOT341,SmartCollar,EMEA,2024-11-22,Best pet collar we've owned. Build quality is outstanding.,4
199,SC-2024-341-199,LOT341,SmartCollar,EMEA,2024-11-01,Works as expected. Decent value for money.,3
200,SC-2024-341-200,LOT341,SmartCollar,EMEA,2024-10-26,Exceptional quality and reliability. Could not be happier!,5
201,SC-2024-341-201,LOT341,SmartCollar,EMEA,2024-11-11,"Meets basic needs, solid product overall.",3
202,SC-2024-341-202,LOT341,SmartCollar,EMEA,2024-11-04,Love this product! Battery lasts forever and GPS is accurate.,4
203,SC-2024-341-203,LOT341,SmartCollar,EMEA,2024-11-10,Best pet collar we've owned. Build quality is outstanding.,5
204,SC-2024-341-204,LOT341,SmartCollar,EMEA,2024-12-14,Fantastic device with consistent performance. Great value for money.,5
205,SC-2024-341-205,LOT341,SmartCollar,EMEA,2024-12-08,Very impressed with the durability and battery life.,5
206,SC-2024-341-206,LOT341,SmartCollar,EMEA,2024-12-14,Works as expected. Decent value for money.,3
207,SC-2024-341-207,LOT341,SmartCollar,EMEA,2024-11-15,"Meets basic needs, solid product overall.",2
208,SC-2024-341-208,LOT341,SmartCollar,EMEA,2024-12-08,Exceptional quality and reliability. Could not be happier!,4
209,SC-2024-341-209,LOT341,SmartCollar,EMEA,2024-12-09,Perfect collar with amazing battery performance. Highly recommend!,4
210,SC-2024-341-210,LOT341,SmartCollar,EMEA,2024-11-13,Works perfectly in all weather conditions. Highly recommend!,4
211,SC-2024-341-211,LOT341,SmartCollar,EMEA,2024-11-22,Perfect collar with amazing battery performance. Highly recommend!,4
212,SC-2024-341-212,LOT341,SmartCollar,EMEA,2024-12-05,Good basic functionality but always room for improvement.,3
213,SC-2024-341-213,LOT341,SmartCollar,EMEA,2024-11-19,Works as expected. Decent value for money.,3
214,SC-2024-341-214,LOT341,SmartCollar,EMEA,2024-11-13,Works as expected. Decent value for money.,3
215,SC-2024-341-215,LOT341,SmartCollar,EMEA,2024-12-08,"Meets basic needs, solid product overall.",2
216,SC-2024-341-216,LOT341,SmartCollar,EMEA,2024-10-26,Very impressed with the durability and battery life.,5
217,SC-2024-341-217,LOT341,SmartCollar,EMEA,2024-12-11,Fantastic device with consistent performance. Great value for money.,4
218,SC-2024-341-218,LOT341,SmartCollar,EMEA,2024-11-23,Great device with excellent battery life. Very satisfied with performance.,5
219,SC-2024-341-219,LOT341,SmartCollar,EMEA,2024-12-03,Perfect collar with amazing battery performance. Highly recommend!,5
220,SC-2024-341-220,LOT341,SmartCollar,EMEA,2024-10-29,Great device with excellent battery life. Very satisfied with performance.,4
221,SC-2024-341-221,LOT341,SmartCollar,EMEA,2024-11-20,Great device with excellent battery life. Very satisfied with performance.,4
222,SC-2024-341-222,LOT341,SmartCollar,EMEA,2024-10-24,Great device with excellent battery life. Very satisfied with performance.,4
223,SC-2024-341-223,LOT341,SmartCollar,EMEA,2024-12-12,Exceptional quality and reliability. Could not be happier!,5
224,SC-2024-341-224,LOT341,SmartCollar,EMEA,2024-11-03,Exceptional quality and reliability. Could not be happier!,4
225,SC-2024-341-225,LOT341,SmartCollar,EMEA,2024-11-12,Works as expected. Decent value for money.,3
226,SC-2024-341-226,LOT341,SmartCollar,EMEA,2024-10-24,Good basic functionality but always room for improvement.,3
227,SC-2024-341-227,LOT341,SmartCollar,EMEA,2024-11-14,Very impressed with the durability and battery life.,5
228,SC-2024-341-228,LOT341,SmartCollar,EMEA,2024-11-11,Perfect collar with amazing battery performance. Highly recommend!,4
229,SC-2024-341-229,LOT341,SmartCollar,EMEA,2024-11-04,Best pet collar we've owned. Build quality is outstanding.,4
230,SC-2024-341-230,LOT341,SmartCollar,EMEA,2024-12-06,Works as expected. Decent value for money.,2
231,SC-2024-341-231,LOT341,SmartCollar,EMEA,2024-12-14,Great device with excellent battery life. Very satisfied with performance.,4
232,SC-2024-341-232,LOT341,SmartCollar,EMEA,2024-11-17,Perfect collar with amazing battery performance. Highly recommend!,4
233,SC-2024-341-233,LOT341,SmartCollar,EMEA,2024-11-03,Great device with excellent battery life. Very satisfied with performance.,5
234,SC-2024-341-234,LOT341,SmartCollar,EMEA,2024-11-25,"Meets basic needs, solid product overall.",3
235,SC-2024-341-235,LOT341,SmartCollar,EMEA,2024-11-01,"Meets basic needs, solid product overall.",3
236,SC-2024-341-236,LOT341,SmartCollar,EMEA,2024-10-25,Love this product! Battery lasts forever and GPS is accurate.,4
237,SC-2024-341-237,LOT341,SmartCollar,EMEA,2024-11-23,Exceptional quality and reliability. Could not be happier!,5
238,SC-2024-341-238,LOT341,SmartCollar,EMEA,2024-11-06,Great device with excellent battery life. Very satisfied with performance.,5
239,SC-2024-341-239,LOT341,SmartCollar,EMEA,2024-12-04,"Meets basic needs, solid product overall.",3
240,SC-2024-341-240,LOT341,SmartCollar,EMEA,2024-11-25,Works perfectly in all weather conditions. Highly recommend!,4
241,SC-2024-341-241,LOT341,SmartCollar,EMEA,2024-11-02,Works as expected. Decent value for money.,3
242,SC-2024-341-242,LOT341,SmartCollar,EMEA,2024-11-18,Satisfactory performance overall. Does what it should.,2
243,SC-2024-341-243,LOT341,SmartCollar,EMEA,2024-11-24,Satisfactory performance overall. Does what it should.,3
244,SC-2024-341-244,LOT341,SmartCollar,EMEA,2024-12-04,Fantastic device with consistent performance. Great value for money.,5
245,SC-2024-341-245,LOT341,SmartCollar,EMEA,2024-11-18,Exceptional quality and reliability. Could not be happier!,5
246,SC-2024-341-246,LOT341,SmartCollar,EMEA,2024-12-09,Love this product! Battery lasts forever and GPS is accurate.,4
247,SC-2024-341-247,LOT341,SmartCollar,EMEA,2024-11-22,Fantastic device with consistent performance. Great value for money.,5
248,SC-2024-341-248,LOT341,SmartCollar,EMEA,2024-11-14,Love this product! Battery lasts forever and GPS is accurate.,5
249,SC-2024-341-249,LOT341,SmartCollar,EMEA,2024-11-09,Satisfactory performance overall. Does what it should.,3
250,SC-2024-341-250,LOT341,SmartCollar,EMEA,2024-12-03,Perfect collar with amazing battery performance. Highly recommend!,5
251,SC-2024-341-251,LOT341,SmartCollar,EMEA,2024-11-02,Works as expected. Decent value for money.,3
252,SC-2024-341-252,LOT341,SmartCollar,EMEA,2024-10-21,Works perfectly in all weather conditions. Highly recommend!,5
253,SC-2024-341-253,LOT341,SmartCollar,EMEA,2024-10-27,Works as expected. Decent value for money.,3
254,SC-2024-341-254,LOT341,SmartCollar,EMEA,2024-11-04,Great device with excellent battery life. Very satisfied with performance.,5
255,SC-2024-341-255,LOT341,SmartCollar,EMEA,2024-11-17,Fantastic device with consistent performance. Great value for money.,4
256,SC-2024-341-256,LOT341,SmartCollar,EMEA,2024-12-11,Exceptional quality and reliability. Could not be happier!,4
257,SC-2024-341-257,LOT341,SmartCollar,EMEA,2024-11-15,Works perfectly in all weather conditions. Highly recommend!,4
258,SC-2024-341-258,LOT341,SmartCollar,EMEA,2024-11-19,Satisfactory performance overall. Does what it should.,3
259,SC-2024-341-259,LOT341,SmartCollar,EMEA,2024-12-01,Works perfectly in all weather conditions. Highly recommend!,5
260,SC-2024-341-260,LOT341,SmartCollar,EMEA,2024-11-07,Great device with excellent battery life. Very satisfied with performance.,4
261,SC-2024-341-261,LOT341,SmartCollar,EMEA,2024-11-19,Perfect collar with amazing battery performance. Highly recommend!,4
262,SC-2024-341-262,LOT341,SmartCollar,EMEA,2024-12-14,Satisfactory performance overall. Does what it should.,2
263,SC-2024-341-263,LOT341,SmartCollar,EMEA,2024-11-14,Great device with excellent battery life. Very satisfied with performance.,4
264,SC-2024-341-264,LOT341,SmartCollar,EMEA,2024-12-05,Love this product! Battery lasts forever and GPS is accurate.,5
265,SC-2024-341-265,LOT341,SmartCollar,EMEA,2024-11-13,Best pet collar we've owned. Build quality is outstanding.,5
266,SC-2024-341-266,LOT341,SmartCollar,EMEA,2024-11-02,Love this product! Battery lasts forever and GPS is accurate.,4
267,SC-2024-341-267,LOT341,SmartCollar,EMEA,2024-12-08,Exceptional quality and reliability. Could not be happier!,5
268,SC-2024-341-268,LOT341,SmartCollar,EMEA,2024-11-15,Fantastic device with consistent performance. Great value for money.,4
269,SC-2024-341-269,LOT341,SmartCollar,EMEA,2024-11-28,Great device with excellent battery life. Very satisfied with performance.,4
270,SC-2024-341-270,LOT341,SmartCollar,EMEA,2024-10-25,Very impressed with the durability and battery life.,4
271,SC-2024-341-271,LOT341,SmartCollar,EMEA,2024-11-26,Love this product! Battery lasts forever and GPS is accurate.,4
272,SC-2024-341-272,LOT341,SmartCollar,EMEA,2024-11-07,Perfect collar with amazing battery performance. Highly recommend!,5
273,SC-2024-341-273,LOT341,SmartCollar,EMEA,2024-11-21,Exceptional quality and reliability. Could not be happier!,4
274,SC-2024-341-274,LOT341,SmartCollar,EMEA,2024-11-05,"Meets basic needs, solid product overall.",2
275,SC-2024-341-275,LOT341,SmartCollar,EMEA,2024-12-03,Perfect collar with amazing battery performance. Highly recommend!,4
276,SC-2024-341-276,LOT341,SmartCollar,EMEA,2024-11-02,Very impressed with the durability and battery life.,5
277,SC-2024-341-277,LOT341,SmartCollar,EMEA,2024-11-27,Works perfectly in all weather conditions. Highly recommend!,5
278,SC-2024-341-278,LOT341,SmartCollar,EMEA,2024-12-14,Perfect collar with amazing battery performance. Highly recommend!,5
279,SC-2024-341-279,LOT341,SmartCollar,EMEA,2024-12-08,Love this product! Battery lasts forever and GPS is accurate.,5
280,SC-2024-341-280,LOT341,SmartCollar,EMEA,2024-11-09,Good basic functionality but always room for improvement.,3
281,SC-2024-341-281,LOT341,SmartCollar,EMEA,2024-10-31,Very impressed with the durability and battery life.,4
282,SC-2024-341-282,LOT341,SmartCollar,EMEA,2024-11-11,Satisfactory performance overall. Does what it should.,3
283,SC-2024-341-283,LOT341,SmartCollar,EMEA,2024-12-08,"Meets basic needs, solid product overall.",3
284,SC-2024-341-284,LOT341,SmartCollar,EMEA,2024-10-17,Perfect collar with amazing battery performance. Highly recommend!,4
285,SC-2024-341-285,LOT341,SmartCollar,EMEA,2024-11-01,Love this product! Battery lasts forever and GPS is accurate.,5
286,SC-2024-341-286,LOT341,SmartCollar,EMEA,2024-10-23,Fantastic device with consistent performance. Great value for money.,4
287,SC-2024-341-287,LOT341,SmartCollar,EMEA,2024-11-25,Exceptional quality and reliability. Could not be happier!,5
288,SC-2024-341-288,LOT341,SmartCollar,EMEA,2024-11-05,Very impressed with the durability and battery life.,5
289,SC-2024-341-289,LOT341,SmartCollar,EMEA,2024-11-13,Exceptional quality and reliability. Could not be happier!,4
290,SC-2024-341-290,LOT341,SmartCollar,EMEA,2024-11-25,Perfect collar with amazing battery performance. Highly recommend!,5
291,SC-2024-341-291,LOT341,SmartCollar,EMEA,2024-11-08,Great device with excellent battery life. Very satisfied with performance.,4
292,SC-2024-341-292,LOT341,SmartCollar,EMEA,2024-11-22,Great device with excellent battery life. Very satisfied with performance.,4
293,SC-2024-341-293,LOT341,SmartCollar,EMEA,2024-11-12,Perfect collar with amazing battery performance. Highly recommend!,4
294,SC-2024-341-294,LOT341,SmartCollar,EMEA,2024-11-19,Love this product! Battery lasts forever and GPS is accurate.,5
295,SC-2024-341-295,LOT341,SmartCollar,EMEA,2024-10-24,Love this product! Battery lasts forever and GPS is accurate.,4
296,SC-2024-341-296,LOT341,SmartCollar,EMEA,2024-10-18,"Meets basic needs, solid product overall.",3
297,SC-2024-341-297,LOT341,SmartCollar,EMEA,2024-11-28,Works perfectly in all weather conditions. Highly recommend!,5
298,SC-2024-341-298,LOT341,SmartCollar,EMEA,2024-11-09,Fantastic device with consistent performance. Great value for money.,5
299,SC-2024-341-299,LOT341,SmartCollar,EMEA,2024-11-14,Exceptional quality and reliability. Could not be happier!,4
300,SC-2024-341-300,LOT341,SmartCollar,EMEA,2024-11-01,Best pet collar we've owned. Build quality is outstanding.,5
301,SC-2024-341-301,LOT341,SmartCollar,EMEA,2024-10-31,Perfect collar with amazing battery performance. Highly recommend!,4
302,SC-2024-341-302,LOT341,SmartCollar,EMEA,2024-11-08,Love this product! Battery lasts forever and GPS is accurate.,4
303,SC-2024-341-303,LOT341,SmartCollar,EMEA,2024-11-22,Works perfectly in all weather conditions. Highly recommend!,4
304,SC-2024-341-304,LOT341,SmartCollar,EMEA,2024-10-21,Good basic functionality but always room for improvement.,3
305,SC-2024-341-305,LOT341,SmartCollar,EMEA,2024-11-21,Works perfectly in all weather conditions. Highly recommend!,4
306,SC-2024-341-306,LOT341,SmartCollar,EMEA,2024-12-09,Fantastic device with consistent performance. Great value for money.,4
307,SC-2024-341-307,LOT341,SmartCollar,EMEA,2024-10-22,Fantastic device with consistent performance. Great value for money.,5
308,SC-2024-341-308,LOT341,SmartCollar,EMEA,2024-11-12,Good basic functionality but always room for improvement.,3
309,SC-2024-341-309,LOT341,SmartCollar,EMEA,2024-12-05,Exceptional quality and reliability. Could not be happier!,4
310,SC-2024-341-310,LOT341,SmartCollar,EMEA,2024-11-09,Best pet collar we've owned. Build quality is outstanding.,5
311,SC-2024-341-311,LOT341,SmartCollar,EMEA,2024-11-20,Great device with excellent battery life. Very satisfied with performance.,5
312,SC-2024-341-312,LOT341,SmartCollar,EMEA,2024-12-08,Exceptional quality and reliability. Could not be happier!,5
313,SC-2024-341-313,LOT341,SmartCollar,EMEA,2024-11-17,Works perfectly in all weather conditions. Highly recommend!,5
314,SC-2024-341-314,LOT341,SmartCollar,EMEA,2024-11-17,Good basic functionality but always room for improvement.,2
315,SC-2024-341-315,LOT341,SmartCollar,EMEA,2024-12-05,Best pet collar we've owned. Build quality is outstanding.,5
316,SC-2024-341-316,LOT341,SmartCollar,EMEA,2024-10-29,Works perfectly in all weather conditions. Highly recommend!,5
317,SC-2024-341-317,LOT341,SmartCollar,EMEA,2024-11-22,Very impressed with the durability and battery life.,4
318,SC-2024-341-318,LOT341,SmartCollar,EMEA,2024-10-29,Great device with excellent battery life. Very satisfied with performance.,5
319,SC-2024-341-319,LOT341,SmartCollar,EMEA,2024-12-03,Very impressed with the durability and battery life.,4
320,SC-2024-341-320,LOT341,SmartCollar,EMEA,2024-12-08,Very impressed with the durability and battery life.,4
321,SC-2024-341-321,LOT341,SmartCollar,EMEA,2024-11-08,Works as expected. Decent value for money.,2
322,SC-2024-341-322,LOT341,SmartCollar,EMEA,2024-10-22,Very impressed with the durability and battery life.,5
323,SC-2024-341-323,LOT341,SmartCollar,EMEA,2024-11-07,Works perfectly in all weather conditions. Highly recommend!,5
324,SC-2024-341-324,LOT341,SmartCollar,EMEA,2024-10-26,"Meets basic needs, solid product overall.",3
325,SC-2024-341-325,LOT341,SmartCollar,EMEA,2024-10-16,Works perfectly in all weather conditions. Highly recommend!,5
326,SC-2024-341-326,LOT341,SmartCollar,EMEA,2024-12-03,Exceptional quality and reliability. Could not be happier!,4
327,SC-2024-341-327,LOT341,SmartCollar,EMEA,2024-12-10,Works as expected. Decent value for money.,3
328,SC-2024-341-328,LOT341,SmartCollar,EMEA,2024-12-09,Exceptional quality and reliability. Could not be happier!,4
329,SC-2024-341-329,LOT341,SmartCollar,EMEA,2024-11-11,Great device with excellent battery life. Very satisfied with performance.,4
330,SC-2024-341-330,LOT341,SmartCollar,EMEA,2024-10-25,Works perfectly in all weather conditions. Highly recommend!,5
331,SC-2024-341-331,LOT341,SmartCollar,EMEA,2024-11-10,Works perfectly in all weather conditions. Highly recommend!,4
332,SC-2024-341-332,LOT341,SmartCollar,EMEA,2024-10-17,Fantastic device with consistent performance. Great value for money.,4
333,SC-2024-341-333,LOT341,SmartCollar,EMEA,2024-10-30,Best pet collar we've owned. Build quality is outstanding.,5
334,SC-2024-341-334,LOT341,SmartCollar,EMEA,2024-12-04,Love this product! Battery lasts forever and GPS is accurate.,4
335,SC-2024-341-335,LOT341,SmartCollar,EMEA,2024-11-23,Perfect collar with amazing battery performance. Highly recommend!,4
336,SC-2024-341-336,LOT341,SmartCollar,EMEA,2024-10-22,Works perfectly in all weather conditions. Highly recommend!,5
337,SC-2024-341-337,LOT341,SmartCollar,EMEA,2024-12-10,Great device with excellent battery life. Very satisfied with performance.,4
338,SC-2024-341-338,LOT341,SmartCollar,EMEA,2024-11-21,Good basic functionality but always room for improvement.,3
339,SC-2024-341-339,LOT341,SmartCollar,EMEA,2024-11-08,Best pet collar we've owned. Build quality is outstanding.,4
340,SC-2024-341-340,LOT341,SmartCollar,EMEA,2024-11-05,Satisfactory performance overall. Does what it should.,3
341,SC-2024-341-341,LOT341,SmartCollar,EMEA,2024-12-07,Good basic functionality but always room for improvement.,3
342,SC-2024-341-342,LOT341,SmartCollar,EMEA,2024-12-10,Best pet collar we've owned. Build quality is outstanding.,4
343,SC-2024-341-343,LOT341,SmartCollar,EMEA,2024-11-05,Love this product! Battery lasts forever and GPS is accurate.,5
344,SC-2024-341-344,LOT341,SmartCollar,EMEA,2024-11-27,Works perfectly in all weather conditions. Highly recommend!,5
345,SC-2024-341-345,LOT341,SmartCollar,EMEA,2024-11-01,Great device with excellent battery life. Very satisfied with performance.,5
346,SC-2024-341-346,LOT341,SmartCollar,EMEA,2024-11-09,Love this product! Battery lasts forever and GPS is accurate.,5
347,SC-2024-341-347,LOT341,SmartCollar,EMEA,2024-10-21,Love this product! Battery lasts forever and GPS is accurate.,5
348,SC-2024-341-348,LOT341,SmartCollar,EMEA,2024-12-09,Satisfactory performance overall. Does what it should.,3
349,SC-2024-341-349,LOT341,SmartCollar,EMEA,2024-11-15,Perfect collar with amazing battery performance. Highly recommend!,4
350,SC-2024-341-350,LOT341,SmartCollar,EMEA,2024-12-05,Fantastic device with consistent performance. Great value for money.,5
351,SC-2024-341-351,LOT341,SmartCollar,EMEA,2024-11-02,Works perfectly in all weather conditions. Highly recommend!,4
352,SC-2024-341-352,LOT341,SmartCollar,EMEA,2024-10-27,Perfect collar with amazing battery performance. Highly recommend!,5
353,SC-2024-341-353,LOT341,SmartCollar,EMEA,2024-11-06,Fantastic device with consistent performance. Great value for money.,4
354,SC-2024-341-354,LOT341,SmartCollar,EMEA,2024-11-15,Perfect collar with amazing battery performance. Highly recommend!,4
355,SC-2024-341-355,LOT341,SmartCollar,EMEA,2024-11-26,Best pet collar we've owned. Build quality is outstanding.,5
356,SC-2024-341-356,LOT341,SmartCollar,EMEA,2024-10-25,Satisfactory performance overall. Does what it should.,3
357,SC-2024-341-357,LOT341,SmartCollar,EMEA,2024-12-05,Best pet collar we've owned. Build quality is outstanding.,4
358,SC-2024-341-358,LOT341,SmartCollar,EMEA,2024-11-06,Love this product! Battery lasts forever and GPS is accurate.,4
359,SC-2024-341-359,LOT341,SmartCollar,EMEA,2024-12-07,Very impressed with the durability and battery life.,5
360,SC-2024-341-360,LOT341,SmartCollar,EMEA,2024-11-16,Love this product! Battery lasts forever and GPS is accurate.,4
361,SC-2024-341-361,LOT341,SmartCollar,EMEA,2024-11-12,Works perfectly in all weather conditions. Highly recommend!,4
362,SC-2024-341-362,LOT341,SmartCollar,EMEA,2024-10-24,Great device with excellent battery life. Very satisfied with performance.,4
363,SC-2024-341-363,LOT341,SmartCollar,EMEA,2024-10-17,Fantastic device with consistent performance. Great value for money.,4
364,SC-2024-341-364,LOT341,SmartCollar,EMEA,2024-10-21,"Meets basic needs, solid product overall.",3
365,SC-2024-341-365,LOT341,SmartCollar,EMEA,2024-11-25,Love this product! Battery lasts forever and GPS is accurate.,4
366,SC-2024-341-366,LOT341,SmartCollar,EMEA,2024-11-09,Great device with excellent battery life. Very satisfied with performance.,4
367,SC-2024-341-367,LOT341,SmartCollar,EMEA,2024-11-22,Love this product! Battery lasts forever and GPS is accurate.,5
368,SC-2024-341-368,LOT341,SmartCollar,EMEA,2024-10-29,Satisfactory performance overall. Does what it should.,3
369,SC-2024-341-369,LOT341,SmartCollar,EMEA,2024-11-24,Very impressed with the durability and battery life.,5
370,SC-2024-341-370,LOT341,SmartCollar,EMEA,2024-11-22,Very impressed with the durability and battery life.,5
371,SC-2024-341-371,LOT341,SmartCollar,EMEA,2024-10-27,"Meets basic needs, solid product overall.",2
372,SC-2024-341-372,LOT341,SmartCollar,EMEA,2024-11-21,Good basic functionality but always room for improvement.,3
373,SC-2024-341-373,LOT341,SmartCollar,EMEA,2024-12-04,Great device with excellent battery life. Very satisfied with performance.,4
374,SC-2024-341-374,LOT341,SmartCollar,EMEA,2024-12-11,Best pet collar we've owned. Build quality is outstanding.,4
375,SC-2024-341-375,LOT341,SmartCollar,EMEA,2024-11-05,Great device with excellent battery life. Very satisfied with performance.,5
376,SC-2024-341-376,LOT341,SmartCollar,EMEA,2024-11-03,Good basic functionality but always room for improvement.,2
377,SC-2024-341-377,LOT341,SmartCollar,EMEA,2024-10-24,Works perfectly in all weather conditions. Highly recommend!,4
378,SC-2024-341-378,LOT341,SmartCollar,EMEA,2024-11-05,Works perfectly in all weather conditions. Highly recommend!,5
379,SC-2024-341-379,LOT341,SmartCollar,EMEA,2024-11-16,Exceptional quality and reliability. Could not be happier!,4
380,SC-2024-341-380,LOT341,SmartCollar,EMEA,2024-11-07,Works perfectly in all weather conditions. Highly recommend!,5
381,SC-2024-341-381,LOT341,SmartCollar,EMEA,2024-11-20,Fantastic device with consistent performance. Great value for money.,4
382,SC-2024-341-382,LOT341,SmartCollar,EMEA,2024-11-17,Perfect collar with amazing battery performance. Highly recommend!,5
383,SC-2024-341-383,LOT341,SmartCollar,EMEA,2024-12-01,Works perfectly in all weather conditions. Highly recommend!,4
384,SC-2024-341-384,LOT341,SmartCollar,EMEA,2024-11-30,Works perfectly in all weather conditions. Highly recommend!,5
385,SC-2024-341-385,LOT341,SmartCollar,EMEA,2024-11-22,Great device with excellent battery life. Very satisfied with performance.,4
386,SC-2024-341-386,LOT341,SmartCollar,EMEA,2024-11-21,Perfect collar with amazing battery performance. Highly recommend!,4
387,SC-2024-341-387,LOT341,SmartCollar,EMEA,2024-12-13,Best pet collar we've owned. Build quality is outstanding.,5
388,SC-2024-341-388,LOT341,SmartCollar,EMEA,2024-12-11,Fantastic device with consistent performance. Great value for money.,5
389,SC-2024-341-389,LOT341,SmartCollar,EMEA,2024-11-29,Good basic functionality but always room for improvement.,3
390,SC-2024-341-390,LOT341,SmartCollar,EMEA,2024-12-07,Exceptional quality and reliability. Could not be happier!,5
391,SC-2024-341-391,LOT341,SmartCollar,EMEA,2024-10-28,Very impressed with the durability and battery life.,5
392,SC-2024-341-392,LOT341,SmartCollar,EMEA,2024-11-08,"Meets basic needs, solid product overall.",2
393,SC-2024-341-393,LOT341,SmartCollar,EMEA,2024-11-16,Great device with excellent battery life. Very satisfied with performance.,5
394,SC-2024-341-394,LOT341,SmartCollar,EMEA,2024-12-13,Very impressed with the durability and battery life.,5
395,SC-2024-341-395,LOT341,SmartCollar,EMEA,2024-11-18,Exceptional quality and reliability. Could not be happier!,5
396,SC-2024-341-396,LOT341,SmartCollar,EMEA,2024-12-03,Best pet collar we've owned. Build quality is outstanding.,4
397,SC-2024-341-397,LOT341,SmartCollar,EMEA,2024-11-09,Love this product! Battery lasts forever and GPS is accurate.,4
398,SC-2024-341-398,LOT341,SmartCollar,EMEA,2024-11-27,Fantastic device with consistent performance. Great value for money.,4
399,SC-2024-341-399,LOT341,SmartCollar,EMEA,2024-10-18,Perfect collar with amazing battery performance. Highly recommend!,4
400,SC-2024-341-400,LOT341,SmartCollar,EMEA,2024-10-28,Best pet collar we've owned. Build quality is outstanding.,5
401,SC-2024-341-401,LOT341,SmartCollar,EMEA,2024-12-02,Satisfactory performance overall. Does what it should.,3
402,SC-2024-341-402,LOT341,SmartCollar,EMEA,2024-10-15,Great device with excellent battery life. Very satisfied with performance.,4
403,SC-2024-341-403,LOT341,SmartCollar,EMEA,2024-11-19,Fantastic device with consistent performance. Great value for money.,5
404,SC-2024-341-404,LOT341,SmartCollar,EMEA,2024-11-10,Works perfectly in all weather conditions. Highly recommend!,4
405,SC-2024-341-405,LOT341,SmartCollar,EMEA,2024-11-19,Love this product! Battery lasts forever and GPS is accurate.,4
406,SC-2024-341-406,LOT341,SmartCollar,EMEA,2024-10-19,Fantastic device with consistent performance. Great value for money.,4
407,SC-2024-341-407,LOT341,SmartCollar,EMEA,2024-12-10,Works as expected. Decent value for money.,3
408,SC-2024-341-408,LOT341,SmartCollar,EMEA,2024-10-20,Works perfectly in all weather conditions. Highly recommend!,4
409,SC-2024-341-409,LOT341,SmartCollar,EMEA,2024-11-23,Exceptional quality and reliability. Could not be happier!,4
410,SC-2024-341-410,LOT341,SmartCollar,EMEA,2024-10-21,Exceptional quality and reliability. Could not be happier!,4
411,SC-2024-341-411,LOT341,SmartCollar,EMEA,2024-12-13,Exceptional quality and reliability. Could not be happier!,4
412,SC-2024-341-412,LOT341,SmartCollar,EMEA,2024-12-09,Great device with excellent battery life. Very satisfied with performance.,4
413,SC-2024-341-413,LOT341,SmartCollar,EMEA,2024-11-16,Best pet collar we've owned. Build quality is outstanding.,4
414,SC-2024-341-414,LOT341,SmartCollar,EMEA,2024-11-15,Very impressed with the durability and battery life.,4
415,SC-2024-341-415,LOT341,SmartCollar,EMEA,2024-11-03,Great device with excellent battery life. Very satisfied with performance.,4
416,SC-2024-341-416,LOT341,SmartCollar,EMEA,2024-11-29,Works as expected. Decent value for money.,3
417,SC-2024-341-417,LOT341,SmartCollar,EMEA,2024-11-20,Good basic functionality but always room for improvement.,3
418,SC-2024-341-418,LOT341,SmartCollar,EMEA,2024-11-21,Perfect collar with amazing battery performance. Highly recommend!,4
419,SC-2024-341-419,LOT341,SmartCollar,EMEA,2024-11-10,Great device with excellent battery life. Very satisfied with performance.,5
420,SC-2024-341-420,LOT341,SmartCollar,EMEA,2024-11-10,Works as expected. Decent value for money.,3
421,SC-2024-341-421,LOT341,SmartCollar,EMEA,2024-11-22,Love this product! Battery lasts forever and GPS is accurate.,4
422,SC-2024-341-422,LOT341,SmartCollar,EMEA,2024-11-03,Works perfectly in all weather conditions. Highly recommend!,4
423,SC-2024-341-423,LOT341,SmartCollar,EMEA,2024-11-17,Works perfectly in all weather conditions. Highly recommend!,5
424,SC-2024-341-424,LOT341,SmartCollar,EMEA,2024-11-07,Best pet collar we've owned. Build quality is outstanding.,4
425,SC-2024-341-425,LOT341,SmartCollar,EMEA,2024-12-09,Love this product! Battery lasts forever and GPS is accurate.,5
426,SC-2024-341-426,LOT341,SmartCollar,EMEA,2024-12-05,Works as expected. Decent value for money.,2
427,SC-2024-341-427,LOT341,SmartCollar,EMEA,2024-11-02,Exceptional quality and reliability. Could not be happier!,5
428,SC-2024-341-428,LOT341,SmartCollar,EMEA,2024-10-15,Perfect collar with amazing battery performance. Highly recommend!,5
429,SC-2024-341-429,LOT341,SmartCollar,EMEA,2024-10-30,Works perfectly in all weather conditions. Highly recommend!,5
430,SC-2024-341-430,LOT341,SmartCollar,EMEA,2024-10-18,Perfect collar with amazing battery performance. Highly recommend!,5
431,SC-2024-341-431,LOT341,SmartCollar,EMEA,2024-10-28,Best pet collar we've owned. Build quality is outstanding.,5
432,SC-2024-341-432,LOT341,SmartCollar,EMEA,2024-10-26,Exceptional quality and reliability. Could not be happier!,5
433,SC-2024-341-433,LOT341,SmartCollar,EMEA,2024-11-19,Perfect collar with amazing battery performance. Highly recommend!,4
434,SC-2024-341-434,LOT341,SmartCollar,EMEA,2024-11-04,Exceptional quality and reliability. Could not be happier!,4
435,SC-2024-341-435,LOT341,SmartCollar,EMEA,2024-10-22,Fantastic device with consistent performance. Great value for money.,5
436,SC-2024-341-436,LOT341,SmartCollar,EMEA,2024-12-02,Exceptional quality and reliability. Could not be happier!,5
437,SC-2024-341-437,LOT341,SmartCollar,EMEA,2024-11-13,Works perfectly in all weather conditions. Highly recommend!,4
438,SC-2024-341-438,LOT341,SmartCollar,EMEA,2024-11-17,Love this product! Battery lasts forever and GPS is accurate.,4
439,SC-2024-341-439,LOT341,SmartCollar,EMEA,2024-11-19,Love this product! Battery lasts forever and GPS is accurate.,4
440,SC-2024-341-440,LOT341,SmartCollar,EMEA,2024-12-08,Perfect collar with amazing battery performance. Highly recommend!,4
441,SC-2024-341-441,LOT341,SmartCollar,EMEA,2024-11-14,Works as expected. Decent value for money.,3
442,SC-2024-341-442,LOT341,SmartCollar,EMEA,2024-10-28,"Meets basic needs, solid product overall.",2
443,SC-2024-341-443,LOT341,SmartCollar,EMEA,2024-11-10,Works perfectly in all weather conditions. Highly recommend!,5
444,SC-2024-341-444,LOT341,SmartCollar,EMEA,2024-12-14,Best pet collar we've owned. Build quality is outstanding.,5
445,SC-2024-341-445,LOT341,SmartCollar,EMEA,2024-10-27,Love this product! Battery lasts forever and GPS is accurate.,5
446,SC-2024-341-446,LOT341,SmartCollar,EMEA,2024-12-07,Great device with excellent battery life. Very satisfied with performance.,4
447,SC-2024-341-447,LOT341,SmartCollar,EMEA,2024-11-29,Fantastic device with consistent performance. Great value for money.,4
448,SC-2024-341-448,LOT341,SmartCollar,EMEA,2024-11-20,Exceptional quality and reliability. Could not be happier!,5
449,SC-2024-341-449,LOT341,SmartCollar,EMEA,2024-11-23,Great device with excellent battery life. Very satisfied with performance.,4
450,SC-2024-341-450,LOT341,SmartCollar,EMEA,2024-10-18,Love this product! Battery lasts forever and GPS is accurate.,5
451,SC-2024-341-451,LOT341,SmartCollar,EMEA,2024-11-30,Exceptional quality and reliability. Could not be happier!,5
452,SC-2024-341-452,LOT341,SmartCollar,EMEA,2024-12-01,Love this product! Battery lasts forever and GPS is accurate.,5
453,SC-2024-341-453,LOT341,SmartCollar,EMEA,2024-10-15,Very impressed with the durability and battery life.,4
454,SC-2024-341-454,LOT341,SmartCollar,EMEA,2024-12-11,Perfect collar with amazing battery performance. Highly recommend!,5
455,SC-2024-341-455,LOT341,SmartCollar,EMEA,2024-11-22,Love this product! Battery lasts forever and GPS is accurate.,4
456,SC-2024-341-456,LOT341,SmartCollar,EMEA,2024-12-03,Exceptional quality and reliability. Could not be happier!,5
457,SC-2024-341-457,LOT341,SmartCollar,EMEA,2024-10-17,"Meets basic needs, solid product overall.",3
458,SC-2024-341-458,LOT341,SmartCollar,EMEA,2024-11-30,Works perfectly in all weather conditions. Highly recommend!,5
459,SC-2024-341-459,LOT341,SmartCollar,EMEA,2024-12-01,Best pet collar we've owned. Build quality is outstanding.,4
460,SC-2024-341-460,LOT341,SmartCollar,EMEA,2024-11-01,Best pet collar we've owned. Build quality is outstanding.,5
461,SC-2024-341-461,LOT341,SmartCollar,EMEA,2024-11-16,Best pet collar we've owned. Build quality is outstanding.,5
462,SC-2024-341-462,LOT341,SmartCollar,EMEA,2024-11-05,Exceptional quality and reliability. Could not be happier!,4
463,SC-2024-341-463,LOT341,SmartCollar,EMEA,2024-11-27,Very impressed with the durability and battery life.,4
464,SC-2024-341-464,LOT341,SmartCollar,EMEA,2024-12-05,Exceptional quality and reliability. Could not be happier!,4
465,SC-2024-341-465,LOT341,SmartCollar,EMEA,2024-11-20,Works perfectly in all weather conditions. Highly recommend!,5
466,SC-2024-341-466,LOT341,SmartCollar,EMEA,2024-11-30,Perfect collar with amazing battery performance. Highly recommend!,4
467,SC-2024-341-467,LOT341,SmartCollar,EMEA,2024-11-16,Good basic functionality but always room for improvement.,2
468,SC-2024-341-468,LOT341,SmartCollar,EMEA,2024-11-28,Works perfectly in all weather conditions. Highly recommend!,5
469,SC-2024-341-469,LOT341,SmartCollar,EMEA,2024-11-03,Very impressed with the durability and battery life.,4
470,SC-2024-341-470,LOT341,SmartCollar,EMEA,2024-11-06,Exceptional quality and reliability. Could not be happier!,4
471,SC-2024-341-471,LOT341,SmartCollar,EMEA,2024-11-19,Very impressed with the durability and battery life.,5
472,SC-2024-341-472,LOT341,SmartCollar,EMEA,2024-11-17,"Meets basic needs, solid product overall.",2
473,SC-2024-341-473,LOT341,SmartCollar,EMEA,2024-12-02,Fantastic device with consistent performance. Great value for money.,5
474,SC-2024-341-474,LOT341,SmartCollar,EMEA,2024-12-02,Perfect collar with amazing battery performance. Highly recommend!,4
475,SC-2024-341-475,LOT341,SmartCollar,EMEA,2024-11-12,Satisfactory performance overall. Does what it should.,3
476,SC-2024-341-476,LOT341,SmartCollar,EMEA,2024-10-28,Great device with excellent battery life. Very satisfied with performance.,4
477,SC-2024-341-477,LOT341,SmartCollar,EMEA,2024-12-13,Love this product! Battery lasts forever and GPS is accurate.,5
478,SC-2024-341-478,LOT341,SmartCollar,EMEA,2024-11-25,Great device with excellent battery life. Very satisfied with performance.,4
479,SC-2024-341-479,LOT341,SmartCollar,EMEA,2024-10-25,Exceptional quality and reliability. Could not be happier!,5
480,SC-2024-341-480,LOT341,SmartCollar,EMEA,2024-11-06,Very impressed with the durability and battery life.,5
481,SC-2024-341-481,LOT341,SmartCollar,EMEA,2024-11-26,Very impressed with the durability and battery life.,4
482,SC-2024-341-482,LOT341,SmartCollar,EMEA,2024-12-06,Very impressed with the durability and battery life.,5
483,SC-2024-341-483,LOT341,SmartCollar,EMEA,2024-12-11,Very impressed with the durability and battery life.,4
484,SC-2024-341-484,LOT341,SmartCollar,EMEA,2024-10-26,Perfect collar with amazing battery performance. Highly recommend!,5
485,SC-2024-341-485,LOT341,SmartCollar,EMEA,2024-11-03,"Meets basic needs, solid product overall.",3
486,SC-2024-341-486,LOT341,SmartCollar,EMEA,2024-11-26,Love this product! Battery lasts forever and GPS is accurate.,5
487,SC-2024-341-487,LOT341,SmartCollar,EMEA,2024-10-25,Great device with excellent battery life. Very satisfied with performance.,4
488,SC-2024-341-488,LOT341,SmartCollar,EMEA,2024-12-03,Very impressed with the durability and battery life.,4
489,SC-2024-341-489,LOT341,SmartCollar,EMEA,2024-12-14,Perfect collar with amazing battery performance. Highly recommend!,5
490,SC-2024-341-490,LOT341,SmartCollar,EMEA,2024-10-24,Good basic functionality but always room for improvement.,3
491,SC-2024-341-491,LOT341,SmartCollar,EMEA,2024-12-08,Good basic functionality but always room for improvement.,2
492,SC-2024-341-492,LOT341,SmartCollar,EMEA,2024-11-16,Very impressed with the durability and battery life.,4
493,SC-2024-341-493,LOT341,SmartCollar,EMEA,2024-12-11,Perfect collar with amazing battery performance. Highly recommend!,5
494,SC-2024-341-494,LOT341,SmartCollar,EMEA,2024-11-19,Satisfactory performance overall. Does what it should.,3
495,SC-2024-341-495,LOT341,SmartCollar,EMEA,2024-12-03,Satisfactory performance overall. Does what it should.,3
496,SC-2024-341-496,LOT341,SmartCollar,EMEA,2024-12-13,Fantastic device with consistent performance. Great value for money.,4
497,SC-2024-341-497,LOT341,SmartCollar,EMEA,2024-11-21,Best pet collar we've owned. Build quality is outstanding.,4
498,SC-2024-341-498,LOT341,SmartCollar,EMEA,2024-10-20,Great device with excellent battery life. Very satisfied with performance.,4
499,SC-2024-341-499,LOT341,SmartCollar,EMEA,2024-10-21,Love this product! Battery lasts forever and GPS is accurate.,4
500,SC-2024-341-500,LOT341,SmartCollar,EMEA,2024-11-24,Works perfectly in all weather conditions. Highly recommend!,5
501,SC-2024-341-501,LOT341,SmartCollar,EMEA,2024-11-27,Fantastic device with consistent performance. Great value for money.,5
502,SC-2024-341-502,LOT341,SmartCollar,EMEA,2024-11-11,Perfect collar with amazing battery performance. Highly recommend!,5
503,SC-2024-341-503,LOT341,SmartCollar,EMEA,2024-12-07,Love this product! Battery lasts forever and GPS is accurate.,5
504,SC-2024-341-504,LOT341,SmartCollar,EMEA,2024-11-17,Love this product! Battery lasts forever and GPS is accurate.,5
505,SC-2024-341-505,LOT341,SmartCollar,EMEA,2024-11-23,Works perfectly in all weather conditions. Highly recommend!,4
506,SC-2024-341-506,LOT341,SmartCollar,EMEA,2024-11-07,Very impressed with the durability and battery life.,5
507,SC-2024-341-507,LOT341,SmartCollar,EMEA,2024-12-12,Perfect collar with amazing battery performance. Highly recommend!,4
508,SC-2024-341-508,LOT341,SmartCollar,EMEA,2024-10-24,Best pet collar we've owned. Build quality is outstanding.,5
509,SC-2024-341-509,LOT341,SmartCollar,EMEA,2024-12-07,Satisfactory performance overall. Does what it should.,3
510,SC-2024-341-510,LOT341,SmartCollar,EMEA,2024-12-11,Works perfectly in all weather conditions. Highly recommend!,5
511,SC-2024-341-511,LOT341,SmartCollar,EMEA,2024-12-07,Very impressed with the durability and battery life.,4
512,SC-2024-341-512,LOT341,SmartCollar,EMEA,2024-11-03,Best pet collar we've owned. Build quality is outstanding.,4
513,SC-2024-341-513,LOT341,SmartCollar,EMEA,2024-10-18,Good basic functionality but always room for improvement.,3
514,SC-2024-341-514,LOT341,SmartCollar,EMEA,2024-10-28,Great device with excellent battery life. Very satisfied with performance.,4
515,SC-2024-341-515,LOT341,SmartCollar,EMEA,2024-11-05,"Meets basic needs, solid product overall.",2
516,SC-2024-341-516,LOT341,SmartCollar,EMEA,2024-12-05,Love this product! Battery lasts forever and GPS is accurate.,4
517,SC-2024-341-517,LOT341,SmartCollar,EMEA,2024-11-29,"Meets basic needs, solid product overall.",3
518,SC-2024-341-518,LOT341,SmartCollar,EMEA,2024-11-25,Love this product! Battery lasts forever and GPS is accurate.,4
519,SC-2024-341-519,LOT341,SmartCollar,EMEA,2024-10-24,Works perfectly in all weather conditions. Highly recommend!,4
520,SC-2024-341-520,LOT341,SmartCollar,EMEA,2024-11-17,Very impressed with the durability and battery life.,5
521,SC-2024-341-521,LOT341,SmartCollar,EMEA,2024-11-24,Great device with excellent battery life. Very satisfied with performance.,4
522,SC-2024-341-522,LOT341,SmartCollar,EMEA,2024-11-19,Best pet collar we've owned. Build quality is outstanding.,5
523,SC-2024-341-523,LOT341,SmartCollar,EMEA,2024-12-06,Very impressed with the durability and battery life.,5
524,SC-2024-341-524,LOT341,SmartCollar,EMEA,2024-10-16,Love this product! Battery lasts forever and GPS is accurate.,4
525,SC-2024-341-525,LOT341,SmartCollar,EMEA,2024-10-23,Fantastic device with consistent performance. Great value for money.,4
526,SC-2024-341-526,LOT341,SmartCollar,EMEA,2024-11-28,Best pet collar we've owned. Build quality is outstanding.,4
527,SC-2024-341-527,LOT341,SmartCollar,EMEA,2024-10-19,Perfect collar with amazing battery performance. Highly recommend!,4
528,SC-2024-341-528,LOT341,SmartCollar,EMEA,2024-11-12,Best pet collar we've owned. Build quality is outstanding.,4
529,SC-2024-341-529,LOT341,SmartCollar,EMEA,2024-11-15,Satisfactory performance overall. Does what it should.,3
530,SC-2024-341-530,LOT341,SmartCollar,EMEA,2024-11-05,Very impressed with the durability and battery life.,5
531,SC-2024-341-531,LOT341,SmartCollar,EMEA,2024-10-17,Exceptional quality and reliability. Could not be happier!,4
532,SC-2024-341-532,LOT341,SmartCollar,EMEA,2024-11-08,Good basic functionality but always room for improvement.,3
533,SC-2024-341-533,LOT341,SmartCollar,EMEA,2024-11-15,Very impressed with the durability and battery life.,5
534,SC-2024-341-534,LOT341,SmartCollar,EMEA,2024-11-03,Fantastic device with consistent performance. Great value for money.,4
535,SC-2024-341-535,LOT341,SmartCollar,EMEA,2024-11-26,Works perfectly in all weather conditions. Highly recommend!,5
536,SC-2024-341-536,LOT341,SmartCollar,EMEA,2024-12-03,Satisfactory performance overall. Does what it should.,3
537,SC-2024-341-537,LOT341,SmartCollar,EMEA,2024-10-18,"Meets basic needs, solid product overall.",3
538,SC-2024-341-538,LOT341,SmartCollar,EMEA,2024-10-29,Very impressed with the durability and battery life.,5
539,SC-2024-341-539,LOT341,SmartCollar,EMEA,2024-12-06,"Meets basic needs, solid product overall.",2
540,SC-2024-341-540,LOT341,SmartCollar,EMEA,2024-11-05,Works perfectly in all weather conditions. Highly recommend!,4
541,SC-2024-341-541,LOT341,SmartCollar,EMEA,2024-10-28,Fantastic device with consistent performance. Great value for money.,4
542,SC-2024-341-542,LOT341,SmartCollar,EMEA,2024-10-22,Good basic functionality but always room for improvement.,3
543,SC-2024-341-543,LOT341,SmartCollar,EMEA,2024-10-30,Works perfectly in all weather conditions. Highly recommend!,5
544,SC-2024-341-544,LOT341,SmartCollar,EMEA,2024-12-10,Very impressed with the durability and battery life.,5
545,SC-2024-341-545,LOT341,SmartCollar,EMEA,2024-11-15,Perfect collar with amazing battery performance. Highly recommend!,5
546,SC-2024-341-546,LOT341,SmartCollar,EMEA,2024-11-04,Exceptional quality and reliability. Could not be happier!,5
547,SC-2024-341-547,LOT341,SmartCollar,EMEA,2024-11-02,Works perfectly in all weather conditions. Highly recommend!,5
548,SC-2024-341-548,LOT341,SmartCollar,EMEA,2024-10-16,Fantastic device with consistent performance. Great value for money.,5
549,SC-2024-341-549,LOT341,SmartCollar,EMEA,2024-12-13,Fantastic device with consistent performance. Great value for money.,5
550,SC-2024-341-550,LOT341,SmartCollar,EMEA,2024-11-12,Great device with excellent battery life. Very satisfied with performance.,4
551,SC-2024-341-551,LOT341,SmartCollar,EMEA,2024-10-22,Great device with excellent battery life. Very satisfied with performance.,5
552,SC-2024-341-552,LOT341,SmartCollar,EMEA,2024-11-11,Very impressed with the durability and battery life.,4
553,SC-2024-341-553,LOT341,SmartCollar,EMEA,2024-10-26,Best pet collar we've owned. Build quality is outstanding.,5
554,SC-2024-341-554,LOT341,SmartCollar,EMEA,2024-12-02,"Meets basic needs, solid product overall.",3
555,SC-2024-341-555,LOT341,SmartCollar,EMEA,2024-10-23,Fantastic device with consistent performance. Great value for money.,5
556,SC-2024-341-556,LOT341,SmartCollar,EMEA,2024-11-03,Works perfectly in all weather conditions. Highly recommend!,5
557,SC-2024-341-557,LOT341,SmartCollar,EMEA,2024-10-31,Works perfectly in all weather conditions. Highly recommend!,4
558,SC-2024-341-558,LOT341,SmartCollar,EMEA,2024-12-03,Great device with excellent battery life. Very satisfied with performance.,5
559,SC-2024-341-559,LOT341,SmartCollar,EMEA,2024-11-10,Great device with excellent battery life. Very satisfied with performance.,5
560,SC-2024-341-560,LOT341,SmartCollar,EMEA,2024-12-12,Best pet collar we've owned. Build quality is outstanding.,5
561,SC-2024-341-561,LOT341,SmartCollar,EMEA,2024-11-12,Fantastic device with consistent performance. Great value for money.,4
562,SC-2024-341-562,LOT341,SmartCollar,EMEA,2024-10-20,Love this product! Battery lasts forever and GPS is accurate.,5
563,SC-2024-341-563,LOT341,SmartCollar,EMEA,2024-12-05,Love this product! Battery lasts forever and GPS is accurate.,4
564,SC-2024-341-564,LOT341,SmartCollar,EMEA,2024-10-31,Good basic functionality but always room for improvement.,3
565,SC-2024-341-565,LOT341,SmartCollar,EMEA,2024-12-03,Exceptional quality and reliability. Could not be happier!,5
566,SC-2024-341-566,LOT341,SmartCollar,EMEA,2024-10-16,Fantastic device with consistent performance. Great value for money.,5
567,SC-2024-341-567,LOT341,SmartCollar,EMEA,2024-12-09,Satisfactory performance overall. Does what it should.,3
568,SC-2024-341-568,LOT341,SmartCollar,EMEA,2024-10-28,Love this product! Battery lasts forever and GPS is accurate.,5
569,SC-2024-341-569,LOT341,SmartCollar,EMEA,2024-12-07,Very impressed with the durability and battery life.,5
570,SC-2024-341-570,LOT341,SmartCollar,EMEA,2024-11-23,Best pet collar we've owned. Build quality is outstanding.,5
571,SC-2024-341-571,LOT341,SmartCollar,EMEA,2024-10-19,Perfect collar with amazing battery performance. Highly recommend!,4
572,SC-2024-341-572,LOT341,SmartCollar,EMEA,2024-11-07,Exceptional quality and reliability. Could not be happier!,5
573,SC-2024-341-573,LOT341,SmartCollar,EMEA,2024-11-21,Exceptional quality and reliability. Could not be happier!,4
574,SC-2024-341-574,LOT341,SmartCollar,EMEA,2024-11-24,"Meets basic needs, solid product overall.",3
575,SC-2024-341-575,LOT341,SmartCollar,EMEA,2024-12-08,Perfect collar with amazing battery performance. Highly recommend!,5
576,SC-2024-341-576,LOT341,SmartCollar,EMEA,2024-11-17,Great device with excellent battery life. Very satisfied with performance.,4
577,SC-2024-341-577,LOT341,SmartCollar,EMEA,2024-11-06,Fantastic device with consistent performance. Great value for money.,4
578,SC-2024-341-578,LOT341,SmartCollar,EMEA,2024-10-15,Exceptional quality and reliability. Could not be happier!,4
579,SC-2024-341-579,LOT341,SmartCollar,EMEA,2024-10-18,Works perfectly in all weather conditions. Highly recommend!,4
580,SC-2024-341-580,LOT341,SmartCollar,EMEA,2024-11-30,Works as expected. Decent value for money.,2
581,SC-2024-341-581,LOT341,SmartCollar,EMEA,2024-11-27,Perfect collar with amazing battery performance. Highly recommend!,4
582,SC-2024-341-582,LOT341,SmartCollar,EMEA,2024-11-12,Love this product! Battery lasts forever and GPS is accurate.,4
583,SC-2024-341-583,LOT341,SmartCollar,EMEA,2024-10-29,Very impressed with the durability and battery life.,4
584,SC-2024-341-584,LOT341,SmartCollar,EMEA,2024-12-14,"Meets basic needs, solid product overall.",2
585,SC-2024-341-585,LOT341,SmartCollar,EMEA,2024-12-01,Very impressed with the durability and battery life.,5
586,SC-2024-341-586,LOT341,SmartCollar,EMEA,2024-12-01,Perfect collar with amazing battery performance. Highly recommend!,4
587,SC-2024-341-587,LOT341,SmartCollar,EMEA,2024-11-06,Good basic functionality but always room for improvement.,3
588,SC-2024-341-588,LOT341,SmartCollar,EMEA,2024-11-07,Best pet collar we've owned. Build quality is outstanding.,5
589,SC-2024-341-589,LOT341,SmartCollar,EMEA,2024-11-08,Fantastic device with consistent performance. Great value for money.,4
590,SC-2024-341-590,LOT341,SmartCollar,EMEA,2024-10-24,Best pet collar we've owned. Build quality is outstanding.,4
591,SC-2024-341-591,LOT341,SmartCollar,EMEA,2024-10-28,Works perfectly in all weather conditions. Highly recommend!,4
592,SC-2024-341-592,LOT341,SmartCollar,EMEA,2024-10-18,Fantastic device with consistent performance. Great value for money.,5
593,SC-2024-341-593,LOT341,SmartCollar,EMEA,2024-11-09,Perfect collar with amazing battery performance. Highly recommend!,5
594,SC-2024-341-594,LOT341,SmartCollar,EMEA,2024-10-30,Very impressed with the durability and battery life.,5
595,SC-2024-341-595,LOT341,SmartCollar,EMEA,2024-12-11,"Meets basic needs, solid product overall.",1
596,SC-2024-341-596,LOT341,SmartCollar,EMEA,2024-11-18,Very impressed with the durability and battery life.,4
597,SC-2024-341-597,LOT341,SmartCollar,EMEA,2024-12-14,Exceptional quality and reliability. Could not be happier!,4
598,SC-2024-341-598,LOT341,SmartCollar,EMEA,2024-10-26,Love this product! Battery lasts forever and GPS is accurate.,4
599,SC-2024-341-599,LOT341,SmartCollar,EMEA,2024-11-07,Love this product! Battery lasts forever and GPS is accurate.,5
600,SC-2024-341-600,LOT341,SmartCollar,EMEA,2024-11-23,Works as expected. Decent value for money.,3
601,SC-2024-341-601,LOT341,SmartCollar,EMEA,2024-10-17,Perfect collar with amazing battery performance. Highly recommend!,4
602,SC-2024-341-602,LOT341,SmartCollar,EMEA,2024-11-29,Very impressed with the durability and battery life.,4
603,SC-2024-341-603,LOT341,SmartCollar,EMEA,2024-11-22,Works perfectly in all weather conditions. Highly recommend!,5
604,SC-2024-341-604,LOT341,SmartCollar,EMEA,2024-11-03,Fantastic device with consistent performance. Great value for money.,5
605,SC-2024-341-605,LOT341,SmartCollar,EMEA,2024-11-07,Best pet collar we've owned. Build quality is outstanding.,5
606,SC-2024-341-606,LOT341,SmartCollar,EMEA,2024-12-02,Works perfectly in all weather conditions. Highly recommend!,4
607,SC-2024-341-607,LOT341,SmartCollar,EMEA,2024-11-15,Perfect collar with amazing battery performance. Highly recommend!,5
608,SC-2024-341-608,LOT341,SmartCollar,EMEA,2024-11-24,Exceptional quality and reliability. Could not be happier!,4
609,SC-2024-341-609,LOT341,SmartCollar,EMEA,2024-11-27,Best pet collar we've owned. Build quality is outstanding.,4
610,SC-2024-341-610,LOT341,SmartCollar,EMEA,2024-11-01,Works perfectly in all weather conditions. Highly recommend!,4
611,SC-2024-341-611,LOT341,SmartCollar,EMEA,2024-11-14,Exceptional quality and reliability. Could not be happier!,4
612,SC-2024-341-612,LOT341,SmartCollar,EMEA,2024-12-01,Fantastic device with consistent performance. Great value for money.,4
613,SC-2024-341-613,LOT341,SmartCollar,EMEA,2024-10-21,Love this product! Battery lasts forever and GPS is accurate.,4
614,SC-2024-341-614,LOT341,SmartCollar,EMEA,2024-12-10,Exceptional quality and reliability. Could not be happier!,5
615,SC-2024-341-615,LOT341,SmartCollar,EMEA,2024-10-29,Fantastic device with consistent performance. Great value for money.,4
616,SC-2024-341-616,LOT341,SmartCollar,EMEA,2024-11-08,Satisfactory performance overall. Does what it should.,2
617,SC-2024-341-617,LOT341,SmartCollar,EMEA,2024-10-27,Works perfectly in all weather conditions. Highly recommend!,5
618,SC-2024-341-618,LOT341,SmartCollar,EMEA,2024-11-06,Fantastic device with consistent performance. Great value for money.,4
619,SC-2024-341-619,LOT341,SmartCollar,EMEA,2024-11-26,Very impressed with the durability and battery life.,4
620,SC-2024-341-620,LOT341,SmartCollar,EMEA,2024-12-14,Great device with excellent battery life. Very satisfied with performance.,4
621,SC-2024-341-621,LOT341,SmartCollar,EMEA,2024-12-06,Very impressed with the durability and battery life.,5
622,SC-2024-341-622,LOT341,SmartCollar,EMEA,2024-12-03,Great device with excellent battery life. Very satisfied with performance.,4
623,SC-2024-341-623,LOT341,SmartCollar,EMEA,2024-10-22,Good basic functionality but always room for improvement.,3
624,SC-2024-341-624,LOT341,SmartCollar,EMEA,2024-11-20,Works perfectly in all weather conditions. Highly recommend!,5
625,SC-2024-341-625,LOT341,SmartCollar,EMEA,2024-11-07,Great device with excellent battery life. Very satisfied with performance.,5
626,SC-2024-341-626,LOT341,SmartCollar,EMEA,2024-12-13,Love this product! Battery lasts forever and GPS is accurate.,5
627,SC-2024-341-627,LOT341,SmartCollar,EMEA,2024-11-30,Exceptional quality and reliability. Could not be happier!,4
628,SC-2024-341-628,LOT341,SmartCollar,EMEA,2024-10-21,"Meets basic needs, solid product overall.",3
629,SC-2024-341-629,LOT341,SmartCollar,EMEA,2024-11-27,Works perfectly in all weather conditions. Highly recommend!,5
630,SC-2024-341-630,LOT341,SmartCollar,EMEA,2024-12-11,Very impressed with the durability and battery life.,5
631,SC-2024-341-631,LOT341,SmartCollar,EMEA,2024-11-19,Great device with excellent battery life. Very satisfied with performance.,4
632,SC-2024-341-632,LOT341,SmartCollar,EMEA,2024-11-05,Works as expected. Decent value for money.,1
633,SC-2024-341-633,LOT341,SmartCollar,EMEA,2024-11-14,Fantastic device with consistent performance. Great value for money.,4
634,SC-2024-341-634,LOT341,SmartCollar,EMEA,2024-11-12,Exceptional quality and reliability. Could not be happier!,4
635,SC-2024-341-635,LOT341,SmartCollar,EMEA,2024-10-18,Exceptional quality and reliability. Could not be happier!,5
636,SC-2024-341-636,LOT341,SmartCollar,EMEA,2024-12-02,Exceptional quality and reliability. Could not be happier!,5
637,SC-2024-341-637,LOT341,SmartCollar,EMEA,2024-10-29,Exceptional quality and reliability. Could not be happier!,5
638,SC-2024-341-638,LOT341,SmartCollar,EMEA,2024-11-11,Works perfectly in all weather conditions. Highly recommend!,4
639,SC-2024-341-639,LOT341,SmartCollar,EMEA,2024-10-24,Perfect collar with amazing battery performance. Highly recommend!,5
640,SC-2024-341-640,LOT341,SmartCollar,EMEA,2024-11-26,Fantastic device with consistent performance. Great value for money.,4
641,SC-2024-341-641,LOT341,SmartCollar,EMEA,2024-11-14,Works perfectly in all weather conditions. Highly recommend!,5
642,SC-2024-341-642,LOT341,SmartCollar,EMEA,2024-11-28,Perfect collar with amazing battery performance. Highly recommend!,4
643,SC-2024-341-643,LOT341,SmartCollar,EMEA,2024-12-07,Works perfectly in all weather conditions. Highly recommend!,4
644,SC-2024-341-644,LOT341,SmartCollar,EMEA,2024-11-28,Love this product! Battery lasts forever and GPS is accurate.,5
645,SC-2024-341-645,LOT341,SmartCollar,EMEA,2024-11-29,Works perfectly in all weather conditions. Highly recommend!,5
646,SC-2024-341-646,LOT341,SmartCollar,EMEA,2024-10-25,Exceptional quality and reliability. Could not be happier!,4
647,SC-2024-341-647,LOT341,SmartCollar,EMEA,2024-10-20,Love this product! Battery lasts forever and GPS is accurate.,4
648,SC-2024-341-648,LOT341,SmartCollar,EMEA,2024-11-29,Exceptional quality and reliability. Could not be happier!,5
649,SC-2024-341-649,LOT341,SmartCollar,EMEA,2024-10-18,Exceptional quality and reliability. Could not be happier!,4
650,SC-2024-341-650,LOT341,SmartCollar,EMEA,2024-11-23,Exceptional quality and reliability. Could not be happier!,4
651,SC-2024-341-651,LOT341,SmartCollar,EMEA,2024-12-13,"Meets basic needs, solid product overall.",3
652,SC-2024-341-652,LOT341,SmartCollar,EMEA,2024-10-26,Perfect collar with amazing battery performance. Highly recommend!,5
653,SC-2024-341-653,LOT341,SmartCollar,EMEA,2024-10-24,Fantastic device with consistent performance. Great value for money.,4
654,SC-2024-341-654,LOT341,SmartCollar,EMEA,2024-12-02,Great device with excellent battery life. Very satisfied with performance.,5
655,SC-2024-341-655,LOT341,SmartCollar,EMEA,2024-11-01,Very impressed with the durability and battery life.,4
656,SC-2024-341-656,LOT341,SmartCollar,EMEA,2024-11-23,Works as expected. Decent value for money.,3
657,SC-2024-341-657,LOT341,SmartCollar,EMEA,2024-11-14,Fantastic device with consistent performance. Great value for money.,5
658,SC-2024-341-658,LOT341,SmartCollar,EMEA,2024-12-03,Exceptional quality and reliability. Could not be happier!,5
659,SC-2024-341-659,LOT341,SmartCollar,EMEA,2024-11-09,Exceptional quality and reliability. Could not be happier!,5
660,SC-2024-341-660,LOT341,SmartCollar,EMEA,2024-11-12,Great device with excellent battery life. Very satisfied with performance.,4
661,SC-2024-341-661,LOT341,SmartCollar,EMEA,2024-11-27,Great device with excellent battery life. Very satisfied with performance.,4
662,SC-2024-341-662,LOT341,SmartCollar,EMEA,2024-12-04,Works as expected. Decent value for money.,3
663,SC-2024-341-663,LOT341,SmartCollar,EMEA,2024-10-23,Love this product! Battery lasts forever and GPS is accurate.,4
664,SC-2024-341-664,LOT341,SmartCollar,EMEA,2024-11-24,Works as expected. Decent value for money.,3
665,SC-2024-341-665,LOT341,SmartCollar,EMEA,2024-11-15,Fantastic device with consistent performance. Great value for money.,5
666,SC-2024-341-666,LOT341,SmartCollar,EMEA,2024-12-14,Satisfactory performance overall. Does what it should.,3
667,SC-2024-341-667,LOT341,SmartCollar,EMEA,2024-10-16,Works perfectly in all weather conditions. Highly recommend!,4
668,SC-2024-341-668,LOT341,SmartCollar,EMEA,2024-11-05,Very impressed with the durability and battery life.,5
669,SC-2024-341-669,LOT341,SmartCollar,EMEA,2024-12-13,Best pet collar we've owned. Build quality is outstanding.,4
670,SC-2024-341-670,LOT341,SmartCollar,EMEA,2024-11-18,Very impressed with the durability and battery life.,4
671,SC-2024-341-671,LOT341,SmartCollar,EMEA,2024-11-11,Works perfectly in all weather conditions. Highly recommend!,5
672,SC-2024-341-672,LOT341,SmartCollar,EMEA,2024-10-23,Great device with excellent battery life. Very satisfied with performance.,5
673,SC-2024-341-673,LOT341,SmartCollar,EMEA,2024-12-04,Works as expected. Decent value for money.,2
674,SC-2024-341-674,LOT341,SmartCollar,EMEA,2024-12-01,"Meets basic needs, solid product overall.",3
675,SC-2024-341-675,LOT341,SmartCollar,EMEA,2024-12-09,Best pet collar we've owned. Build quality is outstanding.,4
676,SC-2024-341-676,LOT341,SmartCollar,EMEA,2024-11-25,Exceptional quality and reliability. Could not be happier!,4
677,SC-2024-341-677,LOT341,SmartCollar,EMEA,2024-12-12,Very impressed with the durability and battery life.,4
678,SC-2024-341-678,LOT341,SmartCollar,EMEA,2024-10-28,Satisfactory performance overall. Does what it should.,2
679,SC-2024-341-679,LOT341,SmartCollar,EMEA,2024-11-29,Perfect collar with amazing battery performance. Highly recommend!,5
680,SC-2024-341-680,LOT341,SmartCollar,EMEA,2024-11-13,Perfect collar with amazing battery performance. Highly recommend!,4
681,SC-2024-341-681,LOT341,SmartCollar,EMEA,2024-12-07,Love this product! Battery lasts forever and GPS is accurate.,4
682,SC-2024-341-682,LOT341,SmartCollar,EMEA,2024-10-21,Exceptional quality and reliability. Could not be happier!,4
683,SC-2024-341-683,LOT341,SmartCollar,EMEA,2024-11-27,Perfect collar with amazing battery performance. Highly recommend!,4
684,SC-2024-341-684,LOT341,SmartCollar,EMEA,2024-12-09,Works perfectly in all weather conditions. Highly recommend!,4
685,SC-2024-341-685,LOT341,SmartCollar,EMEA,2024-12-04,Works perfectly in all weather conditions. Highly recommend!,4
686,SC-2024-341-686,LOT341,SmartCollar,EMEA,2024-12-02,Best pet collar we've owned. Build quality is outstanding.,5
687,SC-2024-341-687,LOT341,SmartCollar,EMEA,2024-12-06,Perfect collar with amazing battery performance. Highly recommend!,5
688,SC-2024-341-688,LOT341,SmartCollar,EMEA,2024-11-09,Works as expected. Decent value for money.,3
689,SC-2024-341-689,LOT341,SmartCollar,EMEA,2024-10-25,"Meets basic needs, solid product overall.",2
690,SC-2024-341-690,LOT341,SmartCollar,EMEA,2024-10-23,"Meets basic needs, solid product overall.",2
691,SC-2024-341-691,LOT341,SmartCollar,EMEA,2024-11-08,Fantastic device with consistent performance. Great value for money.,5
692,SC-2024-341-692,LOT341,SmartCollar,EMEA,2024-11-23,"Meets basic needs, solid product overall.",3
693,SC-2024-341-693,LOT341,SmartCollar,EMEA,2024-12-02,Exceptional quality and reliability. Could not be happier!,4
694,SC-2024-341-694,LOT341,SmartCollar,EMEA,2024-11-08,"Meets basic needs, solid product overall.",2
695,SC-2024-341-695,LOT341,SmartCollar,EMEA,2024-11-22,Works perfectly in all weather conditions. Highly recommend!,4
696,SC-2024-341-696,LOT341,SmartCollar,EMEA,2024-10-27,Best pet collar we've owned. Build quality is outstanding.,4
697,SC-2024-341-697,LOT341,SmartCollar,EMEA,2024-10-26,Good basic functionality but always room for improvement.,2
698,SC-2024-341-698,LOT341,SmartCollar,EMEA,2024-11-04,Good basic functionality but always room for improvement.,3
699,SC-2024-341-699,LOT341,SmartCollar,EMEA,2024-12-06,Fantastic device with consistent performance. Great value for money.,4
700,SC-2024-341-700,LOT341,SmartCollar,EMEA,2024-11-13,Best pet collar we've owned. Build quality is outstanding.,5
701,SC-2024-341-701,LOT341,SmartCollar,EMEA,2024-11-18,Fantastic device with consistent performance. Great value for money.,4
702,SC-2024-341-702,LOT341,SmartCollar,EMEA,2024-11-12,Fantastic device with consistent performance. Great value for money.,4
703,SC-2024-341-703,LOT341,SmartCollar,EMEA,2024-11-15,Best pet collar we've owned. Build quality is outstanding.,5
704,SC-2024-341-704,LOT341,SmartCollar,EMEA,2024-11-20,Best pet collar we've owned. Build quality is outstanding.,4
705,SC-2024-341-705,LOT341,SmartCollar,EMEA,2024-11-24,Love this product! Battery lasts forever and GPS is accurate.,4
706,SC-2024-341-706,LOT341,SmartCollar,EMEA,2024-12-04,Exceptional quality and reliability. Could not be happier!,4
707,SC-2024-341-707,LOT341,SmartCollar,EMEA,2024-11-22,Good basic functionality but always room for improvement.,2
708,SC-2024-341-708,LOT341,SmartCollar,EMEA,2024-11-19,Great device with excellent battery life. Very satisfied with performance.,4
709,SC-2024-341-709,LOT341,SmartCollar,EMEA,2024-10-18,Love this product! Battery lasts forever and GPS is accurate.,5
710,SC-2024-341-710,LOT341,SmartCollar,EMEA,2024-10-18,Fantastic device with consistent performance. Great value for money.,4
711,SC-2024-341-711,LOT341,SmartCollar,EMEA,2024-11-26,"Meets basic needs, solid product overall.",3
712,SC-2024-341-712,LOT341,SmartCollar,EMEA,2024-11-25,Love this product! Battery lasts forever and GPS is accurate.,4
713,SC-2024-341-713,LOT341,SmartCollar,EMEA,2024-11-11,Perfect collar with amazing battery performance. Highly recommend!,4
714,SC-2024-341-714,LOT341,SmartCollar,EMEA,2024-11-27,Works as expected. Decent value for money.,2
715,SC-2024-341-715,LOT341,SmartCollar,EMEA,2024-11-28,Love this product! Battery lasts forever and GPS is accurate.,4
716,SC-2024-341-716,LOT341,SmartCollar,EMEA,2024-12-14,Works as expected. Decent value for money.,3
717,SC-2024-341-717,LOT341,SmartCollar,EMEA,2024-11-03,Good basic functionality but always room for improvement.,1
718,SC-2024-341-718,LOT341,SmartCollar,EMEA,2024-11-13,Love this product! Battery lasts forever and GPS is accurate.,4
719,SC-2024-341-719,LOT341,SmartCollar,EMEA,2024-11-19,Perfect collar with amazing battery performance. Highly recommend!,5
720,SC-2024-341-720,LOT341,SmartCollar,EMEA,2024-12-01,Great device with excellent battery life. Very satisfied with performance.,5
721,SC-2024-341-721,LOT341,SmartCollar,EMEA,2024-10-17,Satisfactory performance overall. Does what it should.,2
722,SC-2024-341-722,LOT341,SmartCollar,EMEA,2024-11-12,Best pet collar we've owned. Build quality is outstanding.,5
723,SC-2024-341-723,LOT341,SmartCollar,EMEA,2024-11-21,Best pet collar we've owned. Build quality is outstanding.,5
724,SC-2024-341-724,LOT341,SmartCollar,EMEA,2024-11-22,Works perfectly in all weather conditions. Highly recommend!,4
725,SC-2024-341-725,LOT341,SmartCollar,EMEA,2024-11-30,Very impressed with the durability and battery life.,4
726,SC-2024-341-726,LOT341,SmartCollar,EMEA,2024-10-22,"Meets basic needs, solid product overall.",3
727,SC-2024-341-727,LOT341,SmartCollar,EMEA,2024-10-24,Works perfectly in all weather conditions. Highly recommend!,5
728,SC-2024-341-728,LOT341,SmartCollar,EMEA,2024-12-13,Very impressed with the durability and battery life.,5
729,SC-2024-341-729,LOT341,SmartCollar,EMEA,2024-12-10,Works as expected. Decent value for money.,2
730,SC-2024-341-730,LOT341,SmartCollar,EMEA,2024-11-04,Good basic functionality but always room for improvement.,3
731,SC-2024-341-731,LOT341,SmartCollar,EMEA,2024-11-28,Great device with excellent battery life. Very satisfied with performance.,4
732,SC-2024-341-732,LOT341,SmartCollar,EMEA,2024-11-09,Great device with excellent battery life. Very satisfied with performance.,5
733,SC-2024-341-733,LOT341,SmartCollar,EMEA,2024-11-04,Good basic functionality but always room for improvement.,3
734,SC-2024-341-734,LOT341,SmartCollar,EMEA,2024-12-05,Perfect collar with amazing battery performance. Highly recommend!,4
735,SC-2024-341-735,LOT341,SmartCollar,EMEA,2024-11-25,Fantastic device with consistent performance. Great value for money.,5
736,SC-2024-341-736,LOT341,SmartCollar,EMEA,2024-11-06,Great device with excellent battery life. Very satisfied with performance.,4
737,SC-2024-341-737,LOT341,SmartCollar,EMEA,2024-11-11,Perfect collar with amazing battery performance. Highly recommend!,5
738,SC-2024-341-738,LOT341,SmartCollar,EMEA,2024-10-30,Best pet collar we've owned. Build quality is outstanding.,5
739,SC-2024-341-739,LOT341,SmartCollar,EMEA,2024-11-22,Best pet collar we've owned. Build quality is outstanding.,4
740,SC-2024-341-740,LOT341,SmartCollar,EMEA,2024-11-08,Exceptional quality and reliability. Could not be happier!,5
741,SC-2024-341-741,LOT341,SmartCollar,EMEA,2024-11-27,Best pet collar we've owned. Build quality is outstanding.,5
742,SC-2024-341-742,LOT341,SmartCollar,EMEA,2024-11-17,Fantastic device with consistent performance. Great value for money.,4
743,SC-2024-341-743,LOT341,SmartCollar,EMEA,2024-10-21,Good basic functionality but always room for improvement.,3
744,SC-2024-341-744,LOT341,SmartCollar,EMEA,2024-11-14,Works perfectly in all weather conditions. Highly recommend!,4
745,SC-2024-341-745,LOT341,SmartCollar,EMEA,2024-11-18,Very impressed with the durability and battery life.,5
746,SC-2024-341-746,LOT341,SmartCollar,EMEA,2024-12-14,Good basic functionality but always room for improvement.,3
747,SC-2024-341-747,LOT341,SmartCollar,EMEA,2024-11-10,Very impressed with the durability and battery life.,5
748,SC-2024-341-748,LOT341,SmartCollar,EMEA,2024-10-17,Best pet collar we've owned. Build quality is outstanding.,5
749,SC-2024-341-749,LOT341,SmartCollar,EMEA,2024-10-23,Love this product! Battery lasts forever and GPS is accurate.,4
750,SC-2024-341-750,LOT341,SmartCollar,EMEA,2024-10-16,Love this product! Battery lasts forever and GPS is accurate.,5
751,SC-2024-341-751,LOT341,SmartCollar,EMEA,2024-10-26,Works perfectly in all weather conditions. Highly recommend!,4
752,SC-2024-341-752,LOT341,SmartCollar,EMEA,2024-11-06,Perfect collar with amazing battery performance. Highly recommend!,4
753,SC-2024-341-753,LOT341,SmartCollar,EMEA,2024-10-21,Very impressed with the durability and battery life.,4
754,SC-2024-341-754,LOT341,SmartCollar,EMEA,2024-12-04,Perfect collar with amazing battery performance. Highly recommend!,5
755,SC-2024-341-755,LOT341,SmartCollar,EMEA,2024-10-31,Love this product! Battery lasts forever and GPS is accurate.,4
756,SC-2024-341-756,LOT341,SmartCollar,EMEA,2024-10-16,Good basic functionality but always room for improvement.,1
757,SC-2024-341-757,LOT341,SmartCollar,EMEA,2024-11-03,Very impressed with the durability and battery life.,4
758,SC-2024-341-758,LOT341,SmartCollar,EMEA,2024-11-25,Perfect collar with amazing battery performance. Highly recommend!,5
759,SC-2024-341-759,LOT341,SmartCollar,EMEA,2024-10-17,Exceptional quality and reliability. Could not be happier!,4
760,SC-2024-341-760,LOT341,SmartCollar,EMEA,2024-11-01,Fantastic device with consistent performance. Great value for money.,5
761,SC-2024-341-761,LOT341,SmartCollar,EMEA,2024-11-14,Works perfectly in all weather conditions. Highly recommend!,4
762,SC-2024-341-762,LOT341,SmartCollar,EMEA,2024-10-16,Good basic functionality but always room for improvement.,3
763,SC-2024-341-763,LOT341,SmartCollar,EMEA,2024-11-27,Love this product! Battery lasts forever and GPS is accurate.,4
764,SC-2024-341-764,LOT341,SmartCollar,EMEA,2024-11-20,Satisfactory performance overall. Does what it should.,3
765,SC-2024-341-765,LOT341,SmartCollar,EMEA,2024-11-01,Great device with excellent battery life. Very satisfied with performance.,4
766,SC-2024-341-766,LOT341,SmartCollar,EMEA,2024-11-14,Love this product! Battery lasts forever and GPS is accurate.,5
767,SC-2024-341-767,LOT341,SmartCollar,EMEA,2024-11-23,Perfect collar with amazing battery performance. Highly recommend!,5
768,SC-2024-341-768,LOT341,SmartCollar,EMEA,2024-10-24,Exceptional quality and reliability. Could not be happier!,4
769,SC-2024-341-769,LOT341,SmartCollar,EMEA,2024-11-10,Best pet collar we've owned. Build quality is outstanding.,5
770,SC-2024-341-770,LOT341,SmartCollar,EMEA,2024-11-20,"Meets basic needs, solid product overall.",3
771,SC-2024-341-771,LOT341,SmartCollar,EMEA,2024-10-28,Very impressed with the durability and battery life.,5
772,SC-2024-341-772,LOT341,SmartCollar,EMEA,2024-10-30,Very impressed with the durability and battery life.,5
773,SC-2024-341-773,LOT341,SmartCollar,EMEA,2024-12-10,Exceptional quality and reliability. Could not be happier!,4
774,SC-2024-341-774,LOT341,SmartCollar,EMEA,2024-11-14,Great device with excellent battery life. Very satisfied with performance.,4
775,SC-2024-341-775,LOT341,SmartCollar,EMEA,2024-12-04,Love this product! Battery lasts forever and GPS is accurate.,5
776,SC-2024-341-776,LOT341,SmartCollar,EMEA,2024-11-14,Best pet collar we've owned. Build quality is outstanding.,4
777,SC-2024-341-777,LOT341,SmartCollar,EMEA,2024-12-13,Fantastic device with consistent performance. Great value for money.,5
778,SC-2024-341-778,LOT341,SmartCollar,EMEA,2024-11-24,Great device with excellent battery life. Very satisfied with performance.,4
779,SC-2024-341-779,LOT341,SmartCollar,EMEA,2024-10-31,Very impressed with the durability and battery life.,5
780,SC-2024-341-780,LOT341,SmartCollar,EMEA,2024-11-12,Exceptional quality and reliability. Could not be happier!,4
781,SC-2024-341-781,LOT341,SmartCollar,EMEA,2024-11-15,Perfect collar with amazing battery performance. Highly recommend!,5
782,SC-2024-341-782,LOT341,SmartCollar,EMEA,2024-11-07,Works as expected. Decent value for money.,3
783,SC-2024-341-783,LOT341,SmartCollar,EMEA,2024-11-08,Works perfectly in all weather conditions. Highly recommend!,5
784,SC-2024-341-784,LOT341,SmartCollar,EMEA,2024-10-18,Love this product! Battery lasts forever and GPS is accurate.,4
785,SC-2024-341-785,LOT341,SmartCollar,EMEA,2024-11-03,Exceptional quality and reliability. Could not be happier!,5
786,SC-2024-341-786,LOT341,SmartCollar,EMEA,2024-11-09,Works as expected. Decent value for money.,3
787,SC-2024-341-787,LOT341,SmartCollar,EMEA,2024-11-24,Works perfectly in all weather conditions. Highly recommend!,4
788,SC-2024-341-788,LOT341,SmartCollar,EMEA,2024-12-05,Very impressed with the durability and battery life.,5
789,SC-2024-341-789,LOT341,SmartCollar,EMEA,2024-10-24,Best pet collar we've owned. Build quality is outstanding.,4
790,SC-2024-341-790,LOT341,SmartCollar,EMEA,2024-12-04,Perfect collar with amazing battery performance. Highly recommend!,5
791,SC-2024-341-791,LOT341,SmartCollar,EMEA,2024-12-11,Perfect collar with amazing battery performance. Highly recommend!,5
792,SC-2024-341-792,LOT341,SmartCollar,EMEA,2024-10-28,Good basic functionality but always room for improvement.,3
793,SC-2024-341-793,LOT341,SmartCollar,EMEA,2024-10-17,Perfect collar with amazing battery performance. Highly recommend!,4
794,SC-2024-341-794,LOT341,SmartCollar,EMEA,2024-10-24,Very impressed with the durability and battery life.,5
795,SC-2024-341-795,LOT341,SmartCollar,EMEA,2024-11-14,Works as expected. Decent value for money.,3
796,SC-2024-341-796,LOT341,SmartCollar,EMEA,2024-11-10,Perfect collar with amazing battery performance. Highly recommend!,5
797,SC-2024-341-797,LOT341,SmartCollar,EMEA,2024-11-04,Works as expected. Decent value for money.,3
798,SC-2024-341-798,LOT341,SmartCollar,EMEA,2024-10-22,Exceptional quality and reliability. Could not be happier!,5
799,SC-2024-341-799,LOT341,SmartCollar,EMEA,2024-11-29,Perfect collar with amazing battery performance. Highly recommend!,5
800,SC-2024-341-800,LOT341,SmartCollar,EMEA,2024-10-17,Exceptional quality and reliability. Could not be happier!,5
801,SC-2024-341-801,LOT341,SmartCollar,EMEA,2024-10-21,Good basic functionality but always room for improvement.,3
802,SC-2024-341-802,LOT341,SmartCollar,EMEA,2024-11-18,Best pet collar we've owned. Build quality is outstanding.,4
803,SC-2024-341-803,LOT341,SmartCollar,EMEA,2024-12-08,Works perfectly in all weather conditions. Highly recommend!,4
804,SC-2024-341-804,LOT341,SmartCollar,EMEA,2024-12-01,Great device with excellent battery life. Very satisfied with performance.,5
805,SC-2024-341-805,LOT341,SmartCollar,EMEA,2024-10-31,Works as expected. Decent value for money.,3
806,SC-2024-341-806,LOT341,SmartCollar,EMEA,2024-10-23,Works perfectly in all weather conditions. Highly recommend!,4
807,SC-2024-341-807,LOT341,SmartCollar,EMEA,2024-12-01,Works as expected. Decent value for money.,3
808,SC-2024-341-808,LOT341,SmartCollar,EMEA,2024-11-19,Best pet collar we've owned. Build quality is outstanding.,4
809,SC-2024-341-809,LOT341,SmartCollar,EMEA,2024-10-21,Good basic functionality but always room for improvement.,3
810,SC-2024-341-810,LOT341,SmartCollar,EMEA,2024-10-30,Best pet collar we've owned. Build quality is outstanding.,5
811,SC-2024-341-811,LOT341,SmartCollar,EMEA,2024-11-13,Exceptional quality and reliability. Could not be happier!,5
812,SC-2024-341-812,LOT341,SmartCollar,EMEA,2024-11-03,Works perfectly in all weather conditions. Highly recommend!,4
813,SC-2024-341-813,LOT341,SmartCollar,EMEA,2024-11-30,Perfect collar with amazing battery performance. Highly recommend!,5
814,SC-2024-341-814,LOT341,SmartCollar,EMEA,2024-12-05,Fantastic device with consistent performance. Great value for money.,5
815,SC-2024-341-815,LOT341,SmartCollar,EMEA,2024-11-04,Exceptional quality and reliability. Could not be happier!,5
816,SC-2024-341-816,LOT341,SmartCollar,EMEA,2024-10-20,Perfect collar with amazing battery performance. Highly recommend!,4
817,SC-2024-341-817,LOT341,SmartCollar,EMEA,2024-12-11,Works perfectly in all weather conditions. Highly recommend!,4
818,SC-2024-341-818,LOT341,SmartCollar,EMEA,2024-12-08,Very impressed with the durability and battery life.,5
819,SC-2024-341-819,LOT341,SmartCollar,EMEA,2024-10-18,"Meets basic needs, solid product overall.",3
820,SC-2024-341-820,LOT341,SmartCollar,EMEA,2024-11-06,Great device with excellent battery life. Very satisfied with performance.,4
821,SC-2024-341-821,LOT341,SmartCollar,EMEA,2024-12-11,Satisfactory performance overall. Does what it should.,3
822,SC-2024-341-822,LOT341,SmartCollar,EMEA,2024-11-23,Perfect collar with amazing battery performance. Highly recommend!,4
823,SC-2024-341-823,LOT341,SmartCollar,EMEA,2024-10-29,Exceptional quality and reliability. Could not be happier!,4
824,SC-2024-341-824,LOT341,SmartCollar,EMEA,2024-11-10,Love this product! Battery lasts forever and GPS is accurate.,5
825,SC-2024-341-825,LOT341,SmartCollar,EMEA,2024-12-07,Exceptional quality and reliability. Could not be happier!,4
826,SC-2024-341-826,LOT341,SmartCollar,EMEA,2024-11-08,Fantastic device with consistent performance. Great value for money.,5
827,SC-2024-341-827,LOT341,SmartCollar,EMEA,2024-11-30,Perfect collar with amazing battery performance. Highly recommend!,5
828,SC-2024-341-828,LOT341,SmartCollar,EMEA,2024-11-05,Works as expected. Decent value for money.,1
829,SC-2024-341-829,LOT341,SmartCollar,EMEA,2024-11-28,Best pet collar we've owned. Build quality is outstanding.,5
830,SC-2024-341-830,LOT341,SmartCollar,EMEA,2024-10-29,Exceptional quality and reliability. Could not be happier!,4
831,SC-2024-341-831,LOT341,SmartCollar,EMEA,2024-11-15,Fantastic device with consistent performance. Great value for money.,4
832,SC-2024-341-832,LOT341,SmartCollar,EMEA,2024-11-21,Best pet collar we've owned. Build quality is outstanding.,4
833,SC-2024-341-833,LOT341,SmartCollar,EMEA,2024-10-18,Satisfactory performance overall. Does what it should.,3
834,SC-2024-341-834,LOT341,SmartCollar,EMEA,2024-12-03,Perfect collar with amazing battery performance. Highly recommend!,4
835,SC-2024-341-835,LOT341,SmartCollar,EMEA,2024-11-18,Good basic functionality but always room for improvement.,3
836,SC-2024-341-836,LOT341,SmartCollar,EMEA,2024-11-25,Exceptional quality and reliability. Could not be happier!,4
837,SC-2024-341-837,LOT341,SmartCollar,EMEA,2024-11-18,"Meets basic needs, solid product overall.",3
838,SC-2024-341-838,LOT341,SmartCollar,EMEA,2024-11-22,Best pet collar we've owned. Build quality is outstanding.,4
839,SC-2024-341-839,LOT341,SmartCollar,EMEA,2024-10-18,Love this product! Battery lasts forever and GPS is accurate.,4
840,SC-2024-341-840,LOT341,SmartCollar,EMEA,2024-11-28,Exceptional quality and reliability. Could not be happier!,4
841,SC-2024-341-841,LOT341,SmartCollar,EMEA,2024-12-08,Best pet collar we've owned. Build quality is outstanding.,4
842,SC-2024-341-842,LOT341,SmartCollar,EMEA,2024-11-19,Love this product! Battery lasts forever and GPS is accurate.,4
843,SC-2024-341-843,LOT341,SmartCollar,EMEA,2024-11-24,Works perfectly in all weather conditions. Highly recommend!,4
844,SC-2024-341-844,LOT341,SmartCollar,EMEA,2024-11-03,Love this product! Battery lasts forever and GPS is accurate.,5
845,SC-2024-341-845,LOT341,SmartCollar,EMEA,2024-11-25,Best pet collar we've owned. Build quality is outstanding.,4
846,SC-2024-341-846,LOT341,SmartCollar,EMEA,2024-10-23,Perfect collar with amazing battery performance. Highly recommend!,5
847,SC-2024-341-847,LOT341,SmartCollar,EMEA,2024-12-13,Very impressed with the durability and battery life.,4
848,SC-2024-341-848,LOT341,SmartCollar,EMEA,2024-11-29,Exceptional quality and reliability. Could not be happier!,5
849,SC-2024-341-849,LOT341,SmartCollar,EMEA,2024-11-19,Best pet collar we've owned. Build quality is outstanding.,5
850,SC-2024-341-850,LOT341,SmartCollar,EMEA,2024-10-19,Great device with excellent battery life. Very satisfied with performance.,4
851,SC-2024-341-851,LOT341,SmartCollar,EMEA,2024-12-11,Perfect collar with amazing battery performance. Highly recommend!,5
852,SC-2024-341-852,LOT341,SmartCollar,EMEA,2024-11-27,Satisfactory performance overall. Does what it should.,3
853,SC-2024-341-853,LOT341,SmartCollar,EMEA,2024-11-23,Perfect collar with amazing battery performance. Highly recommend!,4
854,SC-2024-341-854,LOT341,SmartCollar,EMEA,2024-11-28,Very impressed with the durability and battery life.,4
855,SC-2024-341-855,LOT341,SmartCollar,EMEA,2024-12-03,Very impressed with the durability and battery life.,4
856,SC-2024-341-856,LOT341,SmartCollar,EMEA,2024-11-17,Best pet collar we've owned. Build quality is outstanding.,5
857,SC-2024-341-857,LOT341,SmartCollar,EMEA,2024-12-08,Satisfactory performance overall. Does what it should.,3
858,SC-2024-341-858,LOT341,SmartCollar,EMEA,2024-10-23,"Meets basic needs, solid product overall.",3
859,SC-2024-341-859,LOT341,SmartCollar,EMEA,2024-11-05,Satisfactory performance overall. Does what it should.,2
860,SC-2024-341-860,LOT341,SmartCollar,EMEA,2024-12-09,Good basic functionality but always room for improvement.,2
861,SC-2024-341-861,LOT341,SmartCollar,EMEA,2024-12-11,Love this product! Battery lasts forever and GPS is accurate.,5
862,SC-2024-341-862,LOT341,SmartCollar,EMEA,2024-12-02,Exceptional quality and reliability. Could not be happier!,5
863,SC-2024-341-863,LOT341,SmartCollar,EMEA,2024-10-15,Fantastic device with consistent performance. Great value for money.,5
864,SC-2024-341-864,LOT341,SmartCollar,EMEA,2024-11-19,Perfect collar with amazing battery performance. Highly recommend!,5
865,SC-2024-341-865,LOT341,SmartCollar,EMEA,2024-11-04,Love this product! Battery lasts forever and GPS is accurate.,4
866,SC-2024-341-866,LOT341,SmartCollar,EMEA,2024-11-14,Fantastic device with consistent performance. Great value for money.,5
867,SC-2024-341-867,LOT341,SmartCollar,EMEA,2024-11-18,Perfect collar with amazing battery performance. Highly recommend!,4
868,SC-2024-341-868,LOT341,SmartCollar,EMEA,2024-10-15,Very impressed with the durability and battery life.,4
869,SC-2024-341-869,LOT341,SmartCollar,EMEA,2024-11-17,Best pet collar we've owned. Build quality is outstanding.,4
870,SC-2024-341-870,LOT341,SmartCollar,EMEA,2024-10-24,Works perfectly in all weather conditions. Highly recommend!,4
871,SC-2024-341-871,LOT341,SmartCollar,EMEA,2024-11-29,Works perfectly in all weather conditions. Highly recommend!,4
872,SC-2024-341-872,LOT341,SmartCollar,EMEA,2024-10-29,Love this product! Battery lasts forever and GPS is accurate.,4
873,SC-2024-341-873,LOT341,SmartCollar,EMEA,2024-12-07,"Meets basic needs, solid product overall.",3
874,SC-2024-341-874,LOT341,SmartCollar,EMEA,2024-11-27,Very impressed with the durability and battery life.,4
875,SC-2024-341-875,LOT341,SmartCollar,EMEA,2024-12-07,Best pet collar we've owned. Build quality is outstanding.,4
876,SC-2024-341-876,LOT341,SmartCollar,EMEA,2024-12-06,Great device with excellent battery life. Very satisfied with performance.,4
877,SC-2024-341-877,LOT341,SmartCollar,EMEA,2024-11-26,Works as expected. Decent value for money.,3
878,SC-2024-341-878,LOT341,SmartCollar,EMEA,2024-12-11,Love this product! Battery lasts forever and GPS is accurate.,4
879,SC-2024-341-879,LOT341,SmartCollar,EMEA,2024-10-18,Exceptional quality and reliability. Could not be happier!,4
880,SC-2024-341-880,LOT341,SmartCollar,EMEA,2024-10-18,Good basic functionality but always room for improvement.,3
881,SC-2024-341-881,LOT341,SmartCollar,EMEA,2024-10-30,Good basic functionality but always room for improvement.,3
882,SC-2024-341-882,LOT341,SmartCollar,EMEA,2024-10-16,Works perfectly in all weather conditions. Highly recommend!,4
883,SC-2024-341-883,LOT341,SmartCollar,EMEA,2024-11-01,Very impressed with the durability and battery life.,4
884,SC-2024-341-884,LOT341,SmartCollar,EMEA,2024-11-11,"Meets basic needs, solid product overall.",3
885,SC-2024-341-885,LOT341,SmartCollar,EMEA,2024-10-15,Great device with excellent battery life. Very satisfied with performance.,4
886,SC-2024-341-886,LOT341,SmartCollar,EMEA,2024-10-18,Good basic functionality but always room for improvement.,3
887,SC-2024-341-887,LOT341,SmartCollar,EMEA,2024-11-17,Perfect collar with amazing battery performance. Highly recommend!,5
888,SC-2024-341-888,LOT341,SmartCollar,EMEA,2024-11-22,Perfect collar with amazing battery performance. Highly recommend!,5
889,SC-2024-341-889,LOT341,SmartCollar,EMEA,2024-12-05,Fantastic device with consistent performance. Great value for money.,4
890,SC-2024-341-890,LOT341,SmartCollar,EMEA,2024-12-02,Fantastic device with consistent performance. Great value for money.,4
891,SC-2024-341-891,LOT341,SmartCollar,EMEA,2024-12-14,Best pet collar we've owned. Build quality is outstanding.,4
892,SC-2024-341-892,LOT341,SmartCollar,EMEA,2024-11-09,Perfect collar with amazing battery performance. Highly recommend!,4
893,SC-2024-341-893,LOT341,SmartCollar,EMEA,2024-11-02,Satisfactory performance overall. Does what it should.,1
894,SC-2024-341-894,LOT341,SmartCollar,EMEA,2024-10-30,Best pet collar we've owned. Build quality is outstanding.,5
895,SC-2024-341-895,LOT341,SmartCollar,EMEA,2024-10-29,Satisfactory performance overall. Does what it should.,3
896,SC-2024-341-896,LOT341,SmartCollar,EMEA,2024-12-09,Best pet collar we've owned. Build quality is outstanding.,4
897,SC-2024-341-897,LOT341,SmartCollar,EMEA,2024-11-29,Love this product! Battery lasts forever and GPS is accurate.,5
898,SC-2024-341-898,LOT341,SmartCollar,EMEA,2024-12-04,Fantastic device with consistent performance. Great value for money.,4
899,SC-2024-341-899,LOT341,SmartCollar,EMEA,2024-12-11,Best pet collar we've owned. Build quality is outstanding.,4
900,SC-2024-341-900,LOT341,SmartCollar,EMEA,2024-11-16,Very impressed with the durability and battery life.,5
901,SC-2024-341-901,LOT341,SmartCollar,EMEA,2024-10-15,Fantastic device with consistent performance. Great value for money.,5
902,SC-2024-341-902,LOT341,SmartCollar,EMEA,2024-11-21,Perfect collar with amazing battery performance. Highly recommend!,4
903,SC-2024-341-903,LOT341,SmartCollar,EMEA,2024-11-20,Satisfactory performance overall. Does what it should.,3
904,SC-2024-341-904,LOT341,SmartCollar,EMEA,2024-11-15,Works perfectly in all weather conditions. Highly recommend!,5
905,SC-2024-341-905,LOT341,SmartCollar,EMEA,2024-10-20,Perfect collar with amazing battery performance. Highly recommend!,4
906,SC-2024-341-906,LOT341,SmartCollar,EMEA,2024-10-29,Satisfactory performance overall. Does what it should.,3
907,SC-2024-341-907,LOT341,SmartCollar,EMEA,2024-11-27,Love this product! Battery lasts forever and GPS is accurate.,5
908,SC-2024-341-908,LOT341,SmartCollar,EMEA,2024-12-01,Exceptional quality and reliability. Could not be happier!,5
909,SC-2024-341-909,LOT341,SmartCollar,EMEA,2024-10-23,Love this product! Battery lasts forever and GPS is accurate.,5
910,SC-2024-341-910,LOT341,SmartCollar,EMEA,2024-10-25,Love this product! Battery lasts forever and GPS is accurate.,5
911,SC-2024-341-911,LOT341,SmartCollar,EMEA,2024-10-27,Love this product! Battery lasts forever and GPS is accurate.,4
912,SC-2024-341-912,LOT341,SmartCollar,EMEA,2024-10-17,Perfect collar with amazing battery performance. Highly recommend!,4
913,SC-2024-341-913,LOT341,SmartCollar,EMEA,2024-10-26,Works perfectly in all weather conditions. Highly recommend!,4
914,SC-2024-341-914,LOT341,SmartCollar,EMEA,2024-11-22,Fantastic device with consistent performance. Great value for money.,4
915,SC-2024-341-915,LOT341,SmartCollar,EMEA,2024-12-04,Works perfectly in all weather conditions. Highly recommend!,4
916,SC-2024-341-916,LOT341,SmartCollar,EMEA,2024-12-01,Great device with excellent battery life. Very satisfied with performance.,4
917,SC-2024-341-917,LOT341,SmartCollar,EMEA,2024-12-14,Good basic functionality but always room for improvement.,3
918,SC-2024-341-918,LOT341,SmartCollar,EMEA,2024-12-02,Fantastic device with consistent performance. Great value for money.,5
919,SC-2024-341-919,LOT341,SmartCollar,EMEA,2024-12-06,Works perfectly in all weather conditions. Highly recommend!,5
920,SC-2024-341-920,LOT341,SmartCollar,EMEA,2024-12-08,Perfect collar with amazing battery performance. Highly recommend!,4
921,SC-2024-341-921,LOT341,SmartCollar,EMEA,2024-11-09,Fantastic device with consistent performance. Great value for money.,5
922,SC-2024-341-922,LOT341,SmartCollar,EMEA,2024-11-24,Very impressed with the durability and battery life.,4
923,SC-2024-341-923,LOT341,SmartCollar,EMEA,2024-10-25,Works as expected. Decent value for money.,3
924,SC-2024-341-924,LOT341,SmartCollar,EMEA,2024-11-18,Great device with excellent battery life. Very satisfied with performance.,4
925,SC-2024-341-925,LOT341,SmartCollar,EMEA,2024-12-10,"Meets basic needs, solid product overall.",3
926,SC-2024-341-926,LOT341,SmartCollar,EMEA,2024-12-05,Works perfectly in all weather conditions. Highly recommend!,4
927,SC-2024-341-927,LOT341,SmartCollar,EMEA,2024-10-24,Works as expected. Decent value for money.,3
928,SC-2024-341-928,LOT341,SmartCollar,EMEA,2024-11-21,Perfect collar with amazing battery performance. Highly recommend!,5
929,SC-2024-341-929,LOT341,SmartCollar,EMEA,2024-11-22,Best pet collar we've owned. Build quality is outstanding.,5
930,SC-2024-341-930,LOT341,SmartCollar,EMEA,2024-11-28,Good basic functionality but always room for improvement.,3
931,SC-2024-341-931,LOT341,SmartCollar,EMEA,2024-11-22,Works perfectly in all weather conditions. Highly recommend!,5
932,SC-2024-341-932,LOT341,SmartCollar,EMEA,2024-11-14,Works perfectly in all weather conditions. Highly recommend!,4
933,SC-2024-341-933,LOT341,SmartCollar,EMEA,2024-11-25,Good basic functionality but always room for improvement.,1
934,SC-2024-341-934,LOT341,SmartCollar,EMEA,2024-11-22,Love this product! Battery lasts forever and GPS is accurate.,5
935,SC-2024-341-935,LOT341,SmartCollar,EMEA,2024-11-12,Very impressed with the durability and battery life.,5
936,SC-2024-341-936,LOT341,SmartCollar,EMEA,2024-11-03,Very impressed with the durability and battery life.,5
937,SC-2024-341-937,LOT341,SmartCollar,EMEA,2024-12-14,Exceptional quality and reliability. Could not be happier!,4
938,SC-2024-341-938,LOT341,SmartCollar,EMEA,2024-11-14,Fantastic device with consistent performance. Great value for money.,4
939,SC-2024-341-939,LOT341,SmartCollar,EMEA,2024-10-20,Perfect collar with amazing battery performance. Highly recommend!,4
940,SC-2024-341-940,LOT341,SmartCollar,EMEA,2024-11-27,Satisfactory performance overall. Does what it should.,3
941,SC-2024-341-941,LOT341,SmartCollar,EMEA,2024-11-02,Works perfectly in all weather conditions. Highly recommend!,4
942,SC-2024-341-942,LOT341,SmartCollar,EMEA,2024-11-06,Great device with excellent battery life. Very satisfied with performance.,4
943,SC-2024-341-943,LOT341,SmartCollar,EMEA,2024-11-25,Fantastic device with consistent performance. Great value for money.,4
944,SC-2024-341-944,LOT341,SmartCollar,EMEA,2024-10-16,"Meets basic needs, solid product overall.",3
945,SC-2024-341-945,LOT341,SmartCollar,EMEA,2024-11-10,Fantastic device with consistent performance. Great value for money.,5
946,SC-2024-341-946,LOT341,SmartCollar,EMEA,2024-11-17,Perfect collar with amazing battery performance. Highly recommend!,5
947,SC-2024-341-947,LOT341,SmartCollar,EMEA,2024-11-21,Love this product! Battery lasts forever and GPS is accurate.,4
948,SC-2024-341-948,LOT341,SmartCollar,EMEA,2024-11-29,"Meets basic needs, solid product overall.",3
949,SC-2024-341-949,LOT341,SmartCollar,EMEA,2024-12-14,Perfect collar with amazing battery performance. Highly recommend!,5
950,SC-2024-341-950,LOT341,SmartCollar,EMEA,2024-11-28,Perfect collar with amazing battery performance. Highly recommend!,4
951,SC-2024-341-951,LOT341,SmartCollar,EMEA,2024-11-02,Great device with excellent battery life. Very satisfied with performance.,5
952,SC-2024-341-952,LOT341,SmartCollar,EMEA,2024-11-18,Love this product! Battery lasts forever and GPS is accurate.,5
953,SC-2024-341-953,LOT341,SmartCollar,EMEA,2024-10-29,Works as expected. Decent value for money.,2
954,SC-2024-341-954,LOT341,SmartCollar,EMEA,2024-10-27,Works perfectly in all weather conditions. Highly recommend!,5
955,SC-2024-341-955,LOT341,SmartCollar,EMEA,2024-12-09,Very impressed with the durability and battery life.,4
956,SC-2024-341-956,LOT341,SmartCollar,EMEA,2024-11-15,Very impressed with the durability and battery life.,4
957,SC-2024-341-957,LOT341,SmartCollar,EMEA,2024-10-31,Fantastic device with consistent performance. Great value for money.,5
958,SC-2024-341-958,LOT341,SmartCollar,EMEA,2024-12-02,Fantastic device with consistent performance. Great value for money.,5
959,SC-2024-341-959,LOT341,SmartCollar,EMEA,2024-10-27,Exceptional quality and reliability. Could not be happier!,4
960,SC-2024-341-960,LOT341,SmartCollar,EMEA,2024-11-17,Very impressed with the durability and battery life.,5
961,SC-2024-341-961,LOT341,SmartCollar,EMEA,2024-11-04,Fantastic device with consistent performance. Great value for money.,4
962,SC-2024-341-962,LOT341,SmartCollar,EMEA,2024-10-16,Exceptional quality and reliability. Could not be happier!,4
963,SC-2024-341-963,LOT341,SmartCollar,EMEA,2024-11-23,Best pet collar we've owned. Build quality is outstanding.,5
964,SC-2024-341-964,LOT341,SmartCollar,EMEA,2024-11-07,Very impressed with the durability and battery life.,4
965,SC-2024-341-965,LOT341,SmartCollar,EMEA,2024-10-24,Love this product! Battery lasts forever and GPS is accurate.,4
966,SC-2024-341-966,LOT341,SmartCollar,EMEA,2024-10-25,Satisfactory performance overall. Does what it should.,3
967,SC-2024-341-967,LOT341,SmartCollar,EMEA,2024-12-03,Perfect collar with amazing battery performance. Highly recommend!,5
968,SC-2024-341-968,LOT341,SmartCollar,EMEA,2024-11-10,Very impressed with the durability and battery life.,4
969,SC-2024-341-969,LOT341,SmartCollar,EMEA,2024-12-02,Great device with excellent battery life. Very satisfied with performance.,5
970,SC-2024-341-970,LOT341,SmartCollar,EMEA,2024-11-20,Satisfactory performance overall. Does what it should.,3
971,SC-2024-341-971,LOT341,SmartCollar,EMEA,2024-11-23,Best pet collar we've owned. Build quality is outstanding.,4
972,SC-2024-341-972,LOT341,SmartCollar,EMEA,2024-11-02,Best pet collar we've owned. Build quality is outstanding.,5
973,SC-2024-341-973,LOT341,SmartCollar,EMEA,2024-11-30,Perfect collar with amazing battery performance. Highly recommend!,5
974,SC-2024-341-974,LOT341,SmartCollar,EMEA,2024-10-15,Very impressed with the durability and battery life.,5
975,SC-2024-341-975,LOT341,SmartCollar,EMEA,2024-10-19,Fantastic device with consistent performance. Great value for money.,5
976,SC-2024-341-976,LOT341,SmartCollar,EMEA,2024-10-19,Love this product! Battery lasts forever and GPS is accurate.,5
977,SC-2024-341-977,LOT341,SmartCollar,EMEA,2024-12-03,Love this product! Battery lasts forever and GPS is accurate.,4
978,SC-2024-341-978,LOT341,SmartCollar,EMEA,2024-11-15,Satisfactory performance overall. Does what it should.,3
979,SC-2024-341-979,LOT341,SmartCollar,EMEA,2024-12-14,Satisfactory performance overall. Does what it should.,3
980,SC-2024-341-980,LOT341,SmartCollar,EMEA,2024-10-20,Satisfactory performance overall. Does what it should.,3
981,SC-2024-341-981,LOT341,SmartCollar,EMEA,2024-12-06,Exceptional quality and reliability. Could not be happier!,4
982,SC-2024-341-982,LOT341,SmartCollar,EMEA,2024-11-08,Very impressed with the durability and battery life.,4
983,SC-2024-341-983,LOT341,SmartCollar,EMEA,2024-11-23,Best pet collar we've owned. Build quality is outstanding.,4
984,SC-2024-341-984,LOT341,SmartCollar,EMEA,2024-10-20,Works perfectly in all weather conditions. Highly recommend!,5
985,SC-2024-341-985,LOT341,SmartCollar,EMEA,2024-10-30,Satisfactory performance overall. Does what it should.,3
986,SC-2024-341-986,LOT341,SmartCollar,EMEA,2024-11-08,Exceptional quality and reliability. Could not be happier!,4
987,SC-2024-341-987,LOT341,SmartCollar,EMEA,2024-11-07,Perfect collar with amazing battery performance. Highly recommend!,4
988,SC-2024-341-988,LOT341,SmartCollar,EMEA,2024-10-28,Best pet collar we've owned. Build quality is outstanding.,5
989,SC-2024-341-989,LOT341,SmartCollar,EMEA,2024-10-18,Very impressed with the durability and battery life.,5
990,SC-2024-341-990,LOT341,SmartCollar,EMEA,2024-12-03,Exceptional quality and reliability. Could not be happier!,5
991,SC-2024-341-991,LOT341,SmartCollar,EMEA,2024-11-27,Works perfectly in all weather conditions. Highly recommend!,4
992,SC-2024-341-992,LOT341,SmartCollar,EMEA,2024-12-01,Best pet collar we've owned. Build quality is outstanding.,4
993,SC-2024-341-993,LOT341,SmartCollar,EMEA,2024-11-17,Very impressed with the durability and battery life.,4
994,SC-2024-341-994,LOT341,SmartCollar,EMEA,2024-10-30,Exceptional quality and reliability. Could not be happier!,5
995,SC-2024-341-995,LOT341,SmartCollar,EMEA,2024-10-29,Perfect collar with amazing battery performance. Highly recommend!,4
996,SC-2024-341-996,LOT341,SmartCollar,EMEA,2024-11-20,Fantastic device with consistent performance. Great value for money.,5
997,SC-2024-341-997,LOT341,SmartCollar,EMEA,2024-10-31,Satisfactory performance overall. Does what it should.,3
998,SC-2024-341-998,LOT341,SmartCollar,EMEA,2024-12-06,Good basic functionality but always room for improvement.,3
999,SC-2024-341-999,LOT341,SmartCollar,EMEA,2024-10-17,Satisfactory performance overall. Does what it should.,2
1000,SC-2024-341-1000,LOT341,SmartCollar,EMEA,2024-10-28,Great device with excellent battery life. Very satisfied with performance.,5
1001,SC-2024-340-001,LOT340,SmartCollar,AMERICAS,2024-11-14,Good basic functionality but always room for improvement.,3
1002,SC-2024-340-002,LOT340,SmartCollar,AMERICAS,2024-12-10,Fantastic device with consistent performance. Great value for money.,4
1003,SC-2024-340-003,LOT340,SmartCollar,AMERICAS,2024-10-22,Good basic functionality but always room for improvement.,3
1004,SC-2024-340-004,LOT340,SmartCollar,AMERICAS,2024-11-16,Love this product! Battery lasts forever and GPS is accurate.,5
1005,SC-2024-340-005,LOT340,SmartCollar,AMERICAS,2024-11-02,Fantastic device with consistent performance. Great value for money.,4
1006,SC-2024-340-006,LOT340,SmartCollar,AMERICAS,2024-11-24,Works perfectly in all weather conditions. Highly recommend!,5
1007,SC-2024-340-007,LOT340,SmartCollar,AMERICAS,2024-12-14,Exceptional quality and reliability. Could not be happier!,5
1008,SC-2024-340-008,LOT340,SmartCollar,AMERICAS,2024-10-15,Exceptional quality and reliability. Could not be happier!,4
1009,SC-2024-340-009,LOT340,SmartCollar,AMERICAS,2024-12-06,"Meets basic needs, solid product overall.",3
1010,SC-2024-340-010,LOT340,SmartCollar,AMERICAS,2024-11-07,Good basic functionality but always room for improvement.,3
1011,SC-2024-340-011,LOT340,SmartCollar,AMERICAS,2024-12-02,Satisfactory performance overall. Does what it should.,3
1012,SC-2024-340-012,LOT340,SmartCollar,AMERICAS,2024-12-01,Fantastic device with consistent performance. Great value for money.,4
1013,SC-2024-340-013,LOT340,SmartCollar,AMERICAS,2024-10-15,Good basic functionality but always room for improvement.,3
1014,SC-2024-340-014,LOT340,SmartCollar,AMERICAS,2024-10-31,Best pet collar we've owned. Build quality is outstanding.,4
1015,SC-2024-340-015,LOT340,SmartCollar,AMERICAS,2024-11-09,Perfect collar with amazing battery performance. Highly recommend!,5
1016,SC-2024-340-016,LOT340,SmartCollar,AMERICAS,2024-11-02,Good basic functionality but always room for improvement.,3
1017,SC-2024-340-017,LOT340,SmartCollar,AMERICAS,2024-12-11,Exceptional quality and reliability. Could not be happier!,5
1018,SC-2024-340-018,LOT340,SmartCollar,AMERICAS,2024-10-31,Perfect collar with amazing battery performance. Highly recommend!,4
1019,SC-2024-340-019,LOT340,SmartCollar,AMERICAS,2024-11-20,Perfect collar with amazing battery performance. Highly recommend!,4
1020,SC-2024-340-020,LOT340,SmartCollar,AMERICAS,2024-11-07,Good basic functionality but always room for improvement.,3
1021,SC-2024-340-021,LOT340,SmartCollar,AMERICAS,2024-10-21,Fantastic device with consistent performance. Great value for money.,5
1022,SC-2024-340-022,LOT340,SmartCollar,AMERICAS,2024-11-03,Perfect collar with amazing battery performance. Highly recommend!,5
1023,SC-2024-340-023,LOT340,SmartCollar,AMERICAS,2024-11-04,Very impressed with the durability and battery life.,5
1024,SC-2024-340-024,LOT340,SmartCollar,AMERICAS,2024-10-16,Best pet collar we've owned. Build quality is outstanding.,5
1025,SC-2024-340-025,LOT340,SmartCollar,AMERICAS,2024-11-07,Best pet collar we've owned. Build quality is outstanding.,4
1026,SC-2024-340-026,LOT340,SmartCollar,AMERICAS,2024-10-22,Exceptional quality and reliability. Could not be happier!,4
1027,SC-2024-340-027,LOT340,SmartCollar,AMERICAS,2024-11-24,"Meets basic needs, solid product overall.",3
1028,SC-2024-340-028,LOT340,SmartCollar,AMERICAS,2024-11-23,Great device with excellent battery life. Very satisfied with performance.,4
1029,SC-2024-340-029,LOT340,SmartCollar,AMERICAS,2024-11-12,Exceptional quality and reliability. Could not be happier!,4
1030,SC-2024-340-030,LOT340,SmartCollar,AMERICAS,2024-12-03,Great device with excellent battery life. Very satisfied with performance.,4
1031,SC-2024-340-031,LOT340,SmartCollar,AMERICAS,2024-11-22,Works perfectly in all weather conditions. Highly recommend!,4
1032,SC-2024-340-032,LOT340,SmartCollar,AMERICAS,2024-12-14,Perfect collar with amazing battery performance. Highly recommend!,4
1033,SC-2024-340-033,LOT340,SmartCollar,AMERICAS,2024-10-23,Love this product! Battery lasts forever and GPS is accurate.,5
1034,SC-2024-340-034,LOT340,SmartCollar,AMERICAS,2024-12-04,Fantastic device with consistent performance. Great value for money.,5
1035,SC-2024-340-035,LOT340,SmartCollar,AMERICAS,2024-11-24,Great device with excellent battery life. Very satisfied with performance.,5
1036,SC-2024-340-036,LOT340,SmartCollar,AMERICAS,2024-10-29,Perfect collar with amazing battery performance. Highly recommend!,5
1037,SC-2024-340-037,LOT340,SmartCollar,AMERICAS,2024-10-16,Love this product! Battery lasts forever and GPS is accurate.,5
1038,SC-2024-340-038,LOT340,SmartCollar,AMERICAS,2024-11-18,Satisfactory performance overall. Does what it should.,3
1039,SC-2024-340-039,LOT340,SmartCollar,AMERICAS,2024-11-15,Very impressed with the durability and battery life.,5
1040,SC-2024-340-040,LOT340,SmartCollar,AMERICAS,2024-11-13,Love this product! Battery lasts forever and GPS is accurate.,5
1041,SC-2024-340-041,LOT340,SmartCollar,AMERICAS,2024-11-30,Exceptional quality and reliability. Could not be happier!,4
1042,SC-2024-340-042,LOT340,SmartCollar,AMERICAS,2024-11-27,Best pet collar we've owned. Build quality is outstanding.,4
1043,SC-2024-340-043,LOT340,SmartCollar,AMERICAS,2024-11-14,Best pet collar we've owned. Build quality is outstanding.,5
1044,SC-2024-340-044,LOT340,SmartCollar,AMERICAS,2024-11-23,Fantastic device with consistent performance. Great value for money.,4
1045,SC-2024-340-045,LOT340,SmartCollar,AMERICAS,2024-12-12,Exceptional quality and reliability. Could not be happier!,4
1046,SC-2024-340-046,LOT340,SmartCollar,AMERICAS,2024-11-23,Good basic functionality but always room for improvement.,3
1047,SC-2024-340-047,LOT340,SmartCollar,AMERICAS,2024-11-12,Very impressed with the durability and battery life.,4
1048,SC-2024-340-048,LOT340,SmartCollar,AMERICAS,2024-12-07,Satisfactory performance overall. Does what it should.,3
1049,SC-2024-340-049,LOT340,SmartCollar,AMERICAS,2024-11-11,Great device with excellent battery life. Very satisfied with performance.,4
1050,SC-2024-340-050,LOT340,SmartCollar,AMERICAS,2024-12-03,Exceptional quality and reliability. Could not be happier!,5
1051,SC-2024-340-051,LOT340,SmartCollar,AMERICAS,2024-11-02,Perfect collar with amazing battery performance. Highly recommend!,4
1052,SC-2024-340-052,LOT340,SmartCollar,AMERICAS,2024-10-31,Fantastic device with consistent performance. Great value for money.,5
1053,SC-2024-340-053,LOT340,SmartCollar,AMERICAS,2024-10-28,Works as expected. Decent value for money.,3
1054,SC-2024-340-054,LOT340,SmartCollar,AMERICAS,2024-12-11,Best pet collar we've owned. Build quality is outstanding.,4
1055,SC-2024-340-055,LOT340,SmartCollar,AMERICAS,2024-10-17,Best pet collar we've owned. Build quality is outstanding.,5
1056,SC-2024-340-056,LOT340,SmartCollar,AMERICAS,2024-10-15,Fantastic device with consistent performance. Great value for money.,4
1057,SC-2024-340-057,LOT340,SmartCollar,AMERICAS,2024-10-20,Love this product! Battery lasts forever and GPS is accurate.,4
1058,SC-2024-340-058,LOT340,SmartCollar,AMERICAS,2024-12-03,Works as expected. Decent value for money.,3
1059,SC-2024-340-059,LOT340,SmartCollar,AMERICAS,2024-10-27,Very impressed with the durability and battery life.,4
1060,SC-2024-340-060,LOT340,SmartCollar,AMERICAS,2024-11-04,Works as expected. Decent value for money.,2
1061,SC-2024-340-061,LOT340,SmartCollar,AMERICAS,2024-12-01,Works perfectly in all weather conditions. Highly recommend!,5
1062,SC-2024-340-062,LOT340,SmartCollar,AMERICAS,2024-11-23,Works as expected. Decent value for money.,3
1063,SC-2024-340-063,LOT340,SmartCollar,AMERICAS,2024-11-30,Works perfectly in all weather conditions. Highly recommend!,4
1064,SC-2024-340-064,LOT340,SmartCollar,AMERICAS,2024-11-07,Very impressed with the durability and battery life.,5
1065,SC-2024-340-065,LOT340,SmartCollar,AMERICAS,2024-11-25,Great device with excellent battery life. Very satisfied with performance.,5
1066,SC-2024-340-066,LOT340,SmartCollar,AMERICAS,2024-12-13,Works perfectly in all weather conditions. Highly recommend!,5
1067,SC-2024-340-067,LOT340,SmartCollar,AMERICAS,2024-11-17,Exceptional quality and reliability. Could not be happier!,5
1068,SC-2024-340-068,LOT340,SmartCollar,AMERICAS,2024-11-23,Perfect collar with amazing battery performance. Highly recommend!,4
1069,SC-2024-340-069,LOT340,SmartCollar,AMERICAS,2024-11-13,Exceptional quality and reliability. Could not be happier!,5
1070,SC-2024-340-070,LOT340,SmartCollar,AMERICAS,2024-10-29,Very impressed with the durability and battery life.,4
1071,SC-2024-340-071,LOT340,SmartCollar,AMERICAS,2024-12-02,Best pet collar we've owned. Build quality is outstanding.,4
1072,SC-2024-340-072,LOT340,SmartCollar,AMERICAS,2024-12-13,Good basic functionality but always room for improvement.,2
1073,SC-2024-340-073,LOT340,SmartCollar,AMERICAS,2024-12-12,Best pet collar we've owned. Build quality is outstanding.,5
1074,SC-2024-340-074,LOT340,SmartCollar,AMERICAS,2024-10-21,Exceptional quality and reliability. Could not be happier!,5
1075,SC-2024-340-075,LOT340,SmartCollar,AMERICAS,2024-10-21,Works perfectly in all weather conditions. Highly recommend!,5
1076,SC-2024-340-076,LOT340,SmartCollar,AMERICAS,2024-12-12,"Meets basic needs, solid product overall.",1
1077,SC-2024-340-077,LOT340,SmartCollar,AMERICAS,2024-12-10,Fantastic device with consistent performance. Great value for money.,5
1078,SC-2024-340-078,LOT340,SmartCollar,AMERICAS,2024-11-01,Fantastic device with consistent performance. Great value for money.,5
1079,SC-2024-340-079,LOT340,SmartCollar,AMERICAS,2024-12-08,Great device with excellent battery life. Very satisfied with performance.,4
1080,SC-2024-340-080,LOT340,SmartCollar,AMERICAS,2024-12-02,Perfect collar with amazing battery performance. Highly recommend!,4
1081,SC-2024-340-081,LOT340,SmartCollar,AMERICAS,2024-12-08,Works perfectly in all weather conditions. Highly recommend!,5
1082,SC-2024-340-082,LOT340,SmartCollar,AMERICAS,2024-10-26,Works perfectly in all weather conditions. Highly recommend!,4
1083,SC-2024-340-083,LOT340,SmartCollar,AMERICAS,2024-12-11,Best pet collar we've owned. Build quality is outstanding.,5
1084,SC-2024-340-084,LOT340,SmartCollar,AMERICAS,2024-12-09,Very impressed with the durability and battery life.,4
1085,SC-2024-340-085,LOT340,SmartCollar,AMERICAS,2024-11-10,Love this product! Battery lasts forever and GPS is accurate.,4
1086,SC-2024-340-086,LOT340,SmartCollar,AMERICAS,2024-11-23,Exceptional quality and reliability. Could not be happier!,5
1087,SC-2024-340-087,LOT340,SmartCollar,AMERICAS,2024-10-30,Love this product! Battery lasts forever and GPS is accurate.,5
1088,SC-2024-340-088,LOT340,SmartCollar,AMERICAS,2024-12-04,Exceptional quality and reliability. Could not be happier!,5
1089,SC-2024-340-089,LOT340,SmartCollar,AMERICAS,2024-10-28,Exceptional quality and reliability. Could not be happier!,4
1090,SC-2024-340-090,LOT340,SmartCollar,AMERICAS,2024-12-14,Very impressed with the durability and battery life.,4
1091,SC-2024-340-091,LOT340,SmartCollar,AMERICAS,2024-11-14,Very impressed with the durability and battery life.,4
1092,SC-2024-340-092,LOT340,SmartCollar,AMERICAS,2024-12-04,Very impressed with the durability and battery life.,4
1093,SC-2024-340-093,LOT340,SmartCollar,AMERICAS,2024-10-21,Best pet collar we've owned. Build quality is outstanding.,4
1094,SC-2024-340-094,LOT340,SmartCollar,AMERICAS,2024-11-07,Best pet collar we've owned. Build quality is outstanding.,5
1095,SC-2024-340-095,LOT340,SmartCollar,AMERICAS,2024-11-28,Fantastic device with consistent performance. Great value for money.,5
1096,SC-2024-340-096,LOT340,SmartCollar,AMERICAS,2024-11-30,Fantastic device with consistent performance. Great value for money.,4
1097,SC-2024-340-097,LOT340,SmartCollar,AMERICAS,2024-10-15,Works perfectly in all weather conditions. Highly recommend!,4
1098,SC-2024-340-098,LOT340,SmartCollar,AMERICAS,2024-11-22,Best pet collar we've owned. Build quality is outstanding.,5
1099,SC-2024-340-099,LOT340,SmartCollar,AMERICAS,2024-10-20,Fantastic device with consistent performance. Great value for money.,5
1100,SC-2024-340-100,LOT340,SmartCollar,AMERICAS,2024-12-05,Works perfectly in all weather conditions. Highly recommend!,4
1101,SC-2024-340-101,LOT340,SmartCollar,AMERICAS,2024-11-10,Best pet collar we've owned. Build quality is outstanding.,4
1102,SC-2024-340-102,LOT340,SmartCollar,AMERICAS,2024-11-10,Good basic functionality but always room for improvement.,3
1103,SC-2024-340-103,LOT340,SmartCollar,AMERICAS,2024-10-20,Best pet collar we've owned. Build quality is outstanding.,5
1104,SC-2024-340-104,LOT340,SmartCollar,AMERICAS,2024-12-02,Perfect collar with amazing battery performance. Highly recommend!,5
1105,SC-2024-340-105,LOT340,SmartCollar,AMERICAS,2024-11-28,Works perfectly in all weather conditions. Highly recommend!,5
1106,SC-2024-340-106,LOT340,SmartCollar,AMERICAS,2024-10-22,Love this product! Battery lasts forever and GPS is accurate.,4
1107,SC-2024-340-107,LOT340,SmartCollar,AMERICAS,2024-10-31,Exceptional quality and reliability. Could not be happier!,4
1108,SC-2024-340-108,LOT340,SmartCollar,AMERICAS,2024-10-19,Exceptional quality and reliability. Could not be happier!,4
1109,SC-2024-340-109,LOT340,SmartCollar,AMERICAS,2024-11-30,Works perfectly in all weather conditions. Highly recommend!,5
1110,SC-2024-340-110,LOT340,SmartCollar,AMERICAS,2024-10-15,Great device with excellent battery life. Very satisfied with performance.,5
1111,SC-2024-340-111,LOT340,SmartCollar,AMERICAS,2024-11-21,Love this product! Battery lasts forever and GPS is accurate.,5
1112,SC-2024-340-112,LOT340,SmartCollar,AMERICAS,2024-10-17,Very impressed with the durability and battery life.,4
1113,SC-2024-340-113,LOT340,SmartCollar,AMERICAS,2024-12-07,Perfect collar with amazing battery performance. Highly recommend!,5
1114,SC-2024-340-114,LOT340,SmartCollar,AMERICAS,2024-11-06,Love this product! Battery lasts forever and GPS is accurate.,5
1115,SC-2024-340-115,LOT340,SmartCollar,AMERICAS,2024-12-12,Love this product! Battery lasts forever and GPS is accurate.,5
1116,SC-2024-340-116,LOT340,SmartCollar,AMERICAS,2024-10-25,Perfect collar with amazing battery performance. Highly recommend!,5
1117,SC-2024-340-117,LOT340,SmartCollar,AMERICAS,2024-11-11,Best pet collar we've owned. Build quality is outstanding.,4
1118,SC-2024-340-118,LOT340,SmartCollar,AMERICAS,2024-10-17,Works as expected. Decent value for money.,2
1119,SC-2024-340-119,LOT340,SmartCollar,AMERICAS,2024-10-22,Great device with excellent battery life. Very satisfied with performance.,4
1120,SC-2024-340-120,LOT340,SmartCollar,AMERICAS,2024-12-06,Great device with excellent battery life. Very satisfied with performance.,4
1121,SC-2024-340-121,LOT340,SmartCollar,AMERICAS,2024-11-10,Love this product! Battery lasts forever and GPS is accurate.,4
1122,SC-2024-340-122,LOT340,SmartCollar,AMERICAS,2024-11-22,Fantastic device with consistent performance. Great value for money.,4
1123,SC-2024-340-123,LOT340,SmartCollar,AMERICAS,2024-11-01,Great device with excellent battery life. Very satisfied with performance.,4
1124,SC-2024-340-124,LOT340,SmartCollar,AMERICAS,2024-11-15,Fantastic device with consistent performance. Great value for money.,5
1125,SC-2024-340-125,LOT340,SmartCollar,AMERICAS,2024-11-06,Exceptional quality and reliability. Could not be happier!,5
1126,SC-2024-340-126,LOT340,SmartCollar,AMERICAS,2024-10-17,Great device with excellent battery life. Very satisfied with performance.,5
1127,SC-2024-340-127,LOT340,SmartCollar,AMERICAS,2024-11-29,Love this product! Battery lasts forever and GPS is accurate.,5
1128,SC-2024-340-128,LOT340,SmartCollar,AMERICAS,2024-11-16,Works as expected. Decent value for money.,3
1129,SC-2024-340-129,LOT340,SmartCollar,AMERICAS,2024-10-29,Fantastic device with consistent performance. Great value for money.,5
1130,SC-2024-340-130,LOT340,SmartCollar,AMERICAS,2024-11-11,Love this product! Battery lasts forever and GPS is accurate.,4
1131,SC-2024-340-131,LOT340,SmartCollar,AMERICAS,2024-11-30,Works as expected. Decent value for money.,2
1132,SC-2024-340-132,LOT340,SmartCollar,AMERICAS,2024-11-23,Best pet collar we've owned. Build quality is outstanding.,4
1133,SC-2024-340-133,LOT340,SmartCollar,AMERICAS,2024-10-31,Fantastic device with consistent performance. Great value for money.,4
1134,SC-2024-340-134,LOT340,SmartCollar,AMERICAS,2024-10-24,Great device with excellent battery life. Very satisfied with performance.,4
1135,SC-2024-340-135,LOT340,SmartCollar,AMERICAS,2024-10-19,Works perfectly in all weather conditions. Highly recommend!,4
1136,SC-2024-340-136,LOT340,SmartCollar,AMERICAS,2024-11-05,Fantastic device with consistent performance. Great value for money.,4
1137,SC-2024-340-137,LOT340,SmartCollar,AMERICAS,2024-11-24,Good basic functionality but always room for improvement.,3
1138,SC-2024-340-138,LOT340,SmartCollar,AMERICAS,2024-10-25,Works perfectly in all weather conditions. Highly recommend!,4
1139,SC-2024-340-139,LOT340,SmartCollar,AMERICAS,2024-10-17,Fantastic device with consistent performance. Great value for money.,5
1140,SC-2024-340-140,LOT340,SmartCollar,AMERICAS,2024-12-03,Exceptional quality and reliability. Could not be happier!,5
1141,SC-2024-340-141,LOT340,SmartCollar,AMERICAS,2024-11-11,Very impressed with the durability and battery life.,5
1142,SC-2024-340-142,LOT340,SmartCollar,AMERICAS,2024-12-10,"Meets basic needs, solid product overall.",3
1143,SC-2024-340-143,LOT340,SmartCollar,AMERICAS,2024-10-19,Works as expected. Decent value for money.,2
1144,SC-2024-340-144,LOT340,SmartCollar,AMERICAS,2024-10-19,Perfect collar with amazing battery performance. Highly recommend!,5
1145,SC-2024-340-145,LOT340,SmartCollar,AMERICAS,2024-10-17,Best pet collar we've owned. Build quality is outstanding.,5
1146,SC-2024-340-146,LOT340,SmartCollar,AMERICAS,2024-11-19,Satisfactory performance overall. Does what it should.,3
1147,SC-2024-340-147,LOT340,SmartCollar,AMERICAS,2024-12-10,Good basic functionality but always room for improvement.,3
1148,SC-2024-340-148,LOT340,SmartCollar,AMERICAS,2024-10-28,Fantastic device with consistent performance. Great value for money.,4
1149,SC-2024-340-149,LOT340,SmartCollar,AMERICAS,2024-11-23,"Meets basic needs, solid product overall.",2
1150,SC-2024-340-150,LOT340,SmartCollar,AMERICAS,2024-11-30,Satisfactory performance overall. Does what it should.,3
1151,SC-2024-340-151,LOT340,SmartCollar,AMERICAS,2024-11-12,Fantastic device with consistent performance. Great value for money.,4
1152,SC-2024-340-152,LOT340,SmartCollar,AMERICAS,2024-10-15,Love this product! Battery lasts forever and GPS is accurate.,4
1153,SC-2024-340-153,LOT340,SmartCollar,AMERICAS,2024-11-08,Very impressed with the durability and battery life.,5
1154,SC-2024-340-154,LOT340,SmartCollar,AMERICAS,2024-11-25,Fantastic device with consistent performance. Great value for money.,4
1155,SC-2024-340-155,LOT340,SmartCollar,AMERICAS,2024-10-30,Works perfectly in all weather conditions. Highly recommend!,5
1156,SC-2024-340-156,LOT340,SmartCollar,AMERICAS,2024-11-14,Satisfactory performance overall. Does what it should.,3
1157,SC-2024-340-157,LOT340,SmartCollar,AMERICAS,2024-11-11,Exceptional quality and reliability. Could not be happier!,4
1158,SC-2024-340-158,LOT340,SmartCollar,AMERICAS,2024-12-01,Very impressed with the durability and battery life.,5
1159,SC-2024-340-159,LOT340,SmartCollar,AMERICAS,2024-11-30,Fantastic device with consistent performance. Great value for money.,4
1160,SC-2024-340-160,LOT340,SmartCollar,AMERICAS,2024-11-24,"Meets basic needs, solid product overall.",2
1161,SC-2024-340-161,LOT340,SmartCollar,AMERICAS,2024-11-26,Very impressed with the durability and battery life.,5
1162,SC-2024-340-162,LOT340,SmartCollar,AMERICAS,2024-11-24,Love this product! Battery lasts forever and GPS is accurate.,5
1163,SC-2024-340-163,LOT340,SmartCollar,AMERICAS,2024-12-04,Works perfectly in all weather conditions. Highly recommend!,5
1164,SC-2024-340-164,LOT340,SmartCollar,AMERICAS,2024-11-25,Very impressed with the durability and battery life.,4
1165,SC-2024-340-165,LOT340,SmartCollar,AMERICAS,2024-10-24,"Meets basic needs, solid product overall.",3
1166,SC-2024-340-166,LOT340,SmartCollar,AMERICAS,2024-10-22,Best pet collar we've owned. Build quality is outstanding.,4
1167,SC-2024-340-167,LOT340,SmartCollar,AMERICAS,2024-11-03,Works perfectly in all weather conditions. Highly recommend!,5
1168,SC-2024-340-168,LOT340,SmartCollar,AMERICAS,2024-10-23,Great device with excellent battery life. Very satisfied with performance.,5
1169,SC-2024-340-169,LOT340,SmartCollar,AMERICAS,2024-11-27,Exceptional quality and reliability. Could not be happier!,4
1170,SC-2024-340-170,LOT340,SmartCollar,AMERICAS,2024-12-14,Great device with excellent battery life. Very satisfied with performance.,5
1171,SC-2024-340-171,LOT340,SmartCollar,AMERICAS,2024-11-14,Perfect collar with amazing battery performance. Highly recommend!,5
1172,SC-2024-340-172,LOT340,SmartCollar,AMERICAS,2024-10-24,Best pet collar we've owned. Build quality is outstanding.,4
1173,SC-2024-340-173,LOT340,SmartCollar,AMERICAS,2024-10-23,Perfect collar with amazing battery performance. Highly recommend!,4
1174,SC-2024-340-174,LOT340,SmartCollar,AMERICAS,2024-10-23,Fantastic device with consistent performance. Great value for money.,4
1175,SC-2024-340-175,LOT340,SmartCollar,AMERICAS,2024-11-11,Perfect collar with amazing battery performance. Highly recommend!,4
1176,SC-2024-340-176,LOT340,SmartCollar,AMERICAS,2024-12-05,Love this product! Battery lasts forever and GPS is accurate.,4
1177,SC-2024-340-177,LOT340,SmartCollar,AMERICAS,2024-11-17,Great device with excellent battery life. Very satisfied with performance.,5
1178,SC-2024-340-178,LOT340,SmartCollar,AMERICAS,2024-11-14,Great device with excellent battery life. Very satisfied with performance.,5
1179,SC-2024-340-179,LOT340,SmartCollar,AMERICAS,2024-11-12,Works perfectly in all weather conditions. Highly recommend!,5
1180,SC-2024-340-180,LOT340,SmartCollar,AMERICAS,2024-10-19,Exceptional quality and reliability. Could not be happier!,4
1181,SC-2024-340-181,LOT340,SmartCollar,AMERICAS,2024-10-16,Best pet collar we've owned. Build quality is outstanding.,4
1182,SC-2024-340-182,LOT340,SmartCollar,AMERICAS,2024-11-02,"Meets basic needs, solid product overall.",3
1183,SC-2024-340-183,LOT340,SmartCollar,AMERICAS,2024-12-02,Good basic functionality but always room for improvement.,3
1184,SC-2024-340-184,LOT340,SmartCollar,AMERICAS,2024-10-27,Great device with excellent battery life. Very satisfied with performance.,5
1185,SC-2024-340-185,LOT340,SmartCollar,AMERICAS,2024-11-14,Perfect collar with amazing battery performance. Highly recommend!,4
1186,SC-2024-340-186,LOT340,SmartCollar,AMERICAS,2024-12-04,Love this product! Battery lasts forever and GPS is accurate.,4
1187,SC-2024-340-187,LOT340,SmartCollar,AMERICAS,2024-11-28,Love this product! Battery lasts forever and GPS is accurate.,4
1188,SC-2024-340-188,LOT340,SmartCollar,AMERICAS,2024-11-06,Very impressed with the durability and battery life.,4
1189,SC-2024-340-189,LOT340,SmartCollar,AMERICAS,2024-11-17,Perfect collar with amazing battery performance. Highly recommend!,4
1190,SC-2024-340-190,LOT340,SmartCollar,AMERICAS,2024-11-26,Good basic functionality but always room for improvement.,3
1191,SC-2024-340-191,LOT340,SmartCollar,AMERICAS,2024-10-21,"Meets basic needs, solid product overall.",3
1192,SC-2024-340-192,LOT340,SmartCollar,AMERICAS,2024-11-16,Exceptional quality and reliability. Could not be happier!,4
1193,SC-2024-340-193,LOT340,SmartCollar,AMERICAS,2024-11-07,Exceptional quality and reliability. Could not be happier!,4
1194,SC-2024-340-194,LOT340,SmartCollar,AMERICAS,2024-10-20,Exceptional quality and reliability. Could not be happier!,5
1195,SC-2024-340-195,LOT340,SmartCollar,AMERICAS,2024-11-17,Love this product! Battery lasts forever and GPS is accurate.,5
1196,SC-2024-340-196,LOT340,SmartCollar,AMERICAS,2024-11-09,Perfect collar with amazing battery performance. Highly recommend!,4
1197,SC-2024-340-197,LOT340,SmartCollar,AMERICAS,2024-10-16,Love this product! Battery lasts forever and GPS is accurate.,4
1198,SC-2024-340-198,LOT340,SmartCollar,AMERICAS,2024-11-24,Love this product! Battery lasts forever and GPS is accurate.,5
1199,SC-2024-340-199,LOT340,SmartCollar,AMERICAS,2024-11-01,Fantastic device with consistent performance. Great value for money.,4
1200,SC-2024-340-200,LOT340,SmartCollar,AMERICAS,2024-11-25,Best pet collar we've owned. Build quality is outstanding.,4
1201,SC-2024-340-201,LOT340,SmartCollar,AMERICAS,2024-10-20,Great device with excellent battery life. Very satisfied with performance.,5
1202,SC-2024-340-202,LOT340,SmartCollar,AMERICAS,2024-10-24,Exceptional quality and reliability. Could not be happier!,4
1203,SC-2024-340-203,LOT340,SmartCollar,AMERICAS,2024-10-18,Great device with excellent battery life. Very satisfied with performance.,4
1204,SC-2024-340-204,LOT340,SmartCollar,AMERICAS,2024-10-21,Perfect collar with amazing battery performance. Highly recommend!,5
1205,SC-2024-340-205,LOT340,SmartCollar,AMERICAS,2024-12-12,Exceptional quality and reliability. Could not be happier!,4
1206,SC-2024-340-206,LOT340,SmartCollar,AMERICAS,2024-11-15,Great device with excellent battery life. Very satisfied with performance.,4
1207,SC-2024-340-207,LOT340,SmartCollar,AMERICAS,2024-10-26,Works perfectly in all weather conditions. Highly recommend!,5
1208,SC-2024-340-208,LOT340,SmartCollar,AMERICAS,2024-10-19,Best pet collar we've owned. Build quality is outstanding.,5
1209,SC-2024-340-209,LOT340,SmartCollar,AMERICAS,2024-10-17,"Meets basic needs, solid product overall.",2
1210,SC-2024-340-210,LOT340,SmartCollar,AMERICAS,2024-10-31,Works perfectly in all weather conditions. Highly recommend!,5
1211,SC-2024-340-211,LOT340,SmartCollar,AMERICAS,2024-11-01,Perfect collar with amazing battery performance. Highly recommend!,4
1212,SC-2024-340-212,LOT340,SmartCollar,AMERICAS,2024-12-08,Exceptional quality and reliability. Could not be happier!,4
1213,SC-2024-340-213,LOT340,SmartCollar,AMERICAS,2024-11-27,Works as expected. Decent value for money.,2
1214,SC-2024-340-214,LOT340,SmartCollar,AMERICAS,2024-12-06,Very impressed with the durability and battery life.,5
1215,SC-2024-340-215,LOT340,SmartCollar,AMERICAS,2024-11-04,Good basic functionality but always room for improvement.,3
1216,SC-2024-340-216,LOT340,SmartCollar,AMERICAS,2024-10-22,Exceptional quality and reliability. Could not be happier!,5
1217,SC-2024-340-217,LOT340,SmartCollar,AMERICAS,2024-10-20,Fantastic device with consistent performance. Great value for money.,5
1218,SC-2024-340-218,LOT340,SmartCollar,AMERICAS,2024-11-24,Love this product! Battery lasts forever and GPS is accurate.,4
1219,SC-2024-340-219,LOT340,SmartCollar,AMERICAS,2024-11-13,"Meets basic needs, solid product overall.",3
1220,SC-2024-340-220,LOT340,SmartCollar,AMERICAS,2024-11-06,Best pet collar we've owned. Build quality is outstanding.,4
1221,SC-2024-340-221,LOT340,SmartCollar,AMERICAS,2024-12-05,Love this product! Battery lasts forever and GPS is accurate.,4
1222,SC-2024-340-222,LOT340,SmartCollar,AMERICAS,2024-12-14,Perfect collar with amazing battery performance. Highly recommend!,4
1223,SC-2024-340-223,LOT340,SmartCollar,AMERICAS,2024-12-02,"Meets basic needs, solid product overall.",1
1224,SC-2024-340-224,LOT340,SmartCollar,AMERICAS,2024-10-25,Fantastic device with consistent performance. Great value for money.,5
1225,SC-2024-340-225,LOT340,SmartCollar,AMERICAS,2024-11-28,Fantastic device with consistent performance. Great value for money.,5
1226,SC-2024-340-226,LOT340,SmartCollar,AMERICAS,2024-11-20,Love this product! Battery lasts forever and GPS is accurate.,4
1227,SC-2024-340-227,LOT340,SmartCollar,AMERICAS,2024-10-26,Best pet collar we've owned. Build quality is outstanding.,5
1228,SC-2024-340-228,LOT340,SmartCollar,AMERICAS,2024-11-22,Perfect collar with amazing battery performance. Highly recommend!,5
1229,SC-2024-340-229,LOT340,SmartCollar,AMERICAS,2024-11-26,Best pet collar we've owned. Build quality is outstanding.,4
1230,SC-2024-340-230,LOT340,SmartCollar,AMERICAS,2024-11-04,Very impressed with the durability and battery life.,5
1231,SC-2024-340-231,LOT340,SmartCollar,AMERICAS,2024-11-17,Perfect collar with amazing battery performance. Highly recommend!,5
1232,SC-2024-340-232,LOT340,SmartCollar,AMERICAS,2024-10-25,Great device with excellent battery life. Very satisfied with performance.,5
1233,SC-2024-340-233,LOT340,SmartCollar,AMERICAS,2024-11-01,"Meets basic needs, solid product overall.",3
1234,SC-2024-340-234,LOT340,SmartCollar,AMERICAS,2024-10-23,Love this product! Battery lasts forever and GPS is accurate.,5
1235,SC-2024-340-235,LOT340,SmartCollar,AMERICAS,2024-12-06,Fantastic device with consistent performance. Great value for money.,5
1236,SC-2024-340-236,LOT340,SmartCollar,AMERICAS,2024-11-11,Works perfectly in all weather conditions. Highly recommend!,4
1237,SC-2024-340-237,LOT340,SmartCollar,AMERICAS,2024-10-18,"Meets basic needs, solid product overall.",3
1238,SC-2024-340-238,LOT340,SmartCollar,AMERICAS,2024-11-28,Fantastic device with consistent performance. Great value for money.,4
1239,SC-2024-340-239,LOT340,SmartCollar,AMERICAS,2024-10-20,Best pet collar we've owned. Build quality is outstanding.,4
1240,SC-2024-340-240,LOT340,SmartCollar,AMERICAS,2024-10-25,Best pet collar we've owned. Build quality is outstanding.,4
1241,SC-2024-340-241,LOT340,SmartCollar,AMERICAS,2024-12-05,Satisfactory performance overall. Does what it should.,3
1242,SC-2024-340-242,LOT340,SmartCollar,AMERICAS,2024-11-22,Love this product! Battery lasts forever and GPS is accurate.,4
1243,SC-2024-340-243,LOT340,SmartCollar,AMERICAS,2024-10-15,Fantastic device with consistent performance. Great value for money.,5
1244,SC-2024-340-244,LOT340,SmartCollar,AMERICAS,2024-12-11,Best pet collar we've owned. Build quality is outstanding.,4
1245,SC-2024-340-245,LOT340,SmartCollar,AMERICAS,2024-10-23,Fantastic device with consistent performance. Great value for money.,4
1246,SC-2024-340-246,LOT340,SmartCollar,AMERICAS,2024-12-08,Great device with excellent battery life. Very satisfied with performance.,5
1247,SC-2024-340-247,LOT340,SmartCollar,AMERICAS,2024-11-26,Best pet collar we've owned. Build quality is outstanding.,5
1248,SC-2024-340-248,LOT340,SmartCollar,AMERICAS,2024-11-05,Very impressed with the durability and battery life.,5
1249,SC-2024-340-249,LOT340,SmartCollar,AMERICAS,2024-10-27,Exceptional quality and reliability. Could not be happier!,5
1250,SC-2024-340-250,LOT340,SmartCollar,AMERICAS,2024-11-21,Works perfectly in all weather conditions. Highly recommend!,4
1251,SC-2024-340-251,LOT340,SmartCollar,AMERICAS,2024-10-22,Perfect collar with amazing battery performance. Highly recommend!,4
1252,SC-2024-340-252,LOT340,SmartCollar,AMERICAS,2024-12-01,Works as expected. Decent value for money.,3
1253,SC-2024-340-253,LOT340,SmartCollar,AMERICAS,2024-11-05,Works perfectly in all weather conditions. Highly recommend!,4
1254,SC-2024-340-254,LOT340,SmartCollar,AMERICAS,2024-11-19,Exceptional quality and reliability. Could not be happier!,5
1255,SC-2024-340-255,LOT340,SmartCollar,AMERICAS,2024-12-02,Works as expected. Decent value for money.,2
1256,SC-2024-340-256,LOT340,SmartCollar,AMERICAS,2024-11-06,Very impressed with the durability and battery life.,4
1257,SC-2024-340-257,LOT340,SmartCollar,AMERICAS,2024-11-17,"Meets basic needs, solid product overall.",3
1258,SC-2024-340-258,LOT340,SmartCollar,AMERICAS,2024-11-08,Exceptional quality and reliability. Could not be happier!,5
1259,SC-2024-340-259,LOT340,SmartCollar,AMERICAS,2024-11-15,"Meets basic needs, solid product overall.",2
1260,SC-2024-340-260,LOT340,SmartCollar,AMERICAS,2024-12-14,Best pet collar we've owned. Build quality is outstanding.,4
1261,SC-2024-340-261,LOT340,SmartCollar,AMERICAS,2024-10-21,Exceptional quality and reliability. Could not be happier!,5
1262,SC-2024-340-262,LOT340,SmartCollar,AMERICAS,2024-12-02,Best pet collar we've owned. Build quality is outstanding.,4
1263,SC-2024-340-263,LOT340,SmartCollar,AMERICAS,2024-12-01,Works as expected. Decent value for money.,3
1264,SC-2024-340-264,LOT340,SmartCollar,AMERICAS,2024-11-07,Satisfactory performance overall. Does what it should.,3
1265,SC-2024-340-265,LOT340,SmartCollar,AMERICAS,2024-12-10,Great device with excellent battery life. Very satisfied with performance.,4
1266,SC-2024-340-266,LOT340,SmartCollar,AMERICAS,2024-10-18,Very impressed with the durability and battery life.,5
1267,SC-2024-340-267,LOT340,SmartCollar,AMERICAS,2024-10-25,Satisfactory performance overall. Does what it should.,3
1268,SC-2024-340-268,LOT340,SmartCollar,AMERICAS,2024-10-17,Works as expected. Decent value for money.,3
1269,SC-2024-340-269,LOT340,SmartCollar,AMERICAS,2024-11-11,Good basic functionality but always room for improvement.,2
1270,SC-2024-340-270,LOT340,SmartCollar,AMERICAS,2024-11-01,Best pet collar we've owned. Build quality is outstanding.,4
1271,SC-2024-340-271,LOT340,SmartCollar,AMERICAS,2024-11-26,Works as expected. Decent value for money.,3
1272,SC-2024-340-272,LOT340,SmartCollar,AMERICAS,2024-11-11,Love this product! Battery lasts forever and GPS is accurate.,5
1273,SC-2024-340-273,LOT340,SmartCollar,AMERICAS,2024-12-08,Perfect collar with amazing battery performance. Highly recommend!,5
1274,SC-2024-340-274,LOT340,SmartCollar,AMERICAS,2024-11-17,Works perfectly in all weather conditions. Highly recommend!,5
1275,SC-2024-340-275,LOT340,SmartCollar,AMERICAS,2024-12-11,Perfect collar with amazing battery performance. Highly recommend!,4
1276,SC-2024-340-276,LOT340,SmartCollar,AMERICAS,2024-12-01,Love this product! Battery lasts forever and GPS is accurate.,4
1277,SC-2024-340-277,LOT340,SmartCollar,AMERICAS,2024-11-24,Great device with excellent battery life. Very satisfied with performance.,5
1278,SC-2024-340-278,LOT340,SmartCollar,AMERICAS,2024-11-06,Good basic functionality but always room for improvement.,3
1279,SC-2024-340-279,LOT340,SmartCollar,AMERICAS,2024-11-16,Exceptional quality and reliability. Could not be happier!,4
1280,SC-2024-340-280,LOT340,SmartCollar,AMERICAS,2024-11-01,Exceptional quality and reliability. Could not be happier!,5
1281,SC-2024-340-281,LOT340,SmartCollar,AMERICAS,2024-12-14,Great device with excellent battery life. Very satisfied with performance.,4
1282,SC-2024-340-282,LOT340,SmartCollar,AMERICAS,2024-10-24,Exceptional quality and reliability. Could not be happier!,4
1283,SC-2024-340-283,LOT340,SmartCollar,AMERICAS,2024-12-08,Great device with excellent battery life. Very satisfied with performance.,5
1284,SC-2024-340-284,LOT340,SmartCollar,AMERICAS,2024-10-16,"Meets basic needs, solid product overall.",3
1285,SC-2024-340-285,LOT340,SmartCollar,AMERICAS,2024-11-28,Great device with excellent battery life. Very satisfied with performance.,4
1286,SC-2024-340-286,LOT340,SmartCollar,AMERICAS,2024-11-25,Love this product! Battery lasts forever and GPS is accurate.,5
1287,SC-2024-340-287,LOT340,SmartCollar,AMERICAS,2024-10-29,Perfect collar with amazing battery performance. Highly recommend!,5
1288,SC-2024-340-288,LOT340,SmartCollar,AMERICAS,2024-12-02,Works as expected. Decent value for money.,2
1289,SC-2024-340-289,LOT340,SmartCollar,AMERICAS,2024-12-02,Exceptional quality and reliability. Could not be happier!,4
1290,SC-2024-340-290,LOT340,SmartCollar,AMERICAS,2024-12-02,Best pet collar we've owned. Build quality is outstanding.,4
1291,SC-2024-340-291,LOT340,SmartCollar,AMERICAS,2024-11-24,Works as expected. Decent value for money.,1
1292,SC-2024-340-292,LOT340,SmartCollar,AMERICAS,2024-11-24,Very impressed with the durability and battery life.,4
1293,SC-2024-340-293,LOT340,SmartCollar,AMERICAS,2024-11-05,Best pet collar we've owned. Build quality is outstanding.,4
1294,SC-2024-340-294,LOT340,SmartCollar,AMERICAS,2024-11-12,Very impressed with the durability and battery life.,5
1295,SC-2024-340-295,LOT340,SmartCollar,AMERICAS,2024-10-20,Great device with excellent battery life. Very satisfied with performance.,5
1296,SC-2024-340-296,LOT340,SmartCollar,AMERICAS,2024-11-19,Great device with excellent battery life. Very satisfied with performance.,4
1297,SC-2024-340-297,LOT340,SmartCollar,AMERICAS,2024-11-23,Exceptional quality and reliability. Could not be happier!,5
1298,SC-2024-340-298,LOT340,SmartCollar,AMERICAS,2024-12-08,Good basic functionality but always room for improvement.,3
1299,SC-2024-340-299,LOT340,SmartCollar,AMERICAS,2024-11-06,Exceptional quality and reliability. Could not be happier!,5
1300,SC-2024-340-300,LOT340,SmartCollar,AMERICAS,2024-10-21,Love this product! Battery lasts forever and GPS is accurate.,4
1301,SC-2024-340-301,LOT340,SmartCollar,AMERICAS,2024-12-14,Great device with excellent battery life. Very satisfied with performance.,5
1302,SC-2024-340-302,LOT340,SmartCollar,AMERICAS,2024-11-04,Perfect collar with amazing battery performance. Highly recommend!,5
1303,SC-2024-340-303,LOT340,SmartCollar,AMERICAS,2024-11-23,Great device with excellent battery life. Very satisfied with performance.,5
1304,SC-2024-340-304,LOT340,SmartCollar,AMERICAS,2024-12-07,Love this product! Battery lasts forever and GPS is accurate.,4
1305,SC-2024-340-305,LOT340,SmartCollar,AMERICAS,2024-10-17,Fantastic device with consistent performance. Great value for money.,4
1306,SC-2024-340-306,LOT340,SmartCollar,AMERICAS,2024-11-03,Fantastic device with consistent performance. Great value for money.,5
1307,SC-2024-340-307,LOT340,SmartCollar,AMERICAS,2024-11-30,Good basic functionality but always room for improvement.,2
1308,SC-2024-340-308,LOT340,SmartCollar,AMERICAS,2024-10-15,Fantastic device with consistent performance. Great value for money.,4
1309,SC-2024-340-309,LOT340,SmartCollar,AMERICAS,2024-11-13,Very impressed with the durability and battery life.,5
1310,SC-2024-340-310,LOT340,SmartCollar,AMERICAS,2024-10-16,Love this product! Battery lasts forever and GPS is accurate.,5
1311,SC-2024-340-311,LOT340,SmartCollar,AMERICAS,2024-11-01,Love this product! Battery lasts forever and GPS is accurate.,5
1312,SC-2024-340-312,LOT340,SmartCollar,AMERICAS,2024-11-04,Perfect collar with amazing battery performance. Highly recommend!,5
1313,SC-2024-340-313,LOT340,SmartCollar,AMERICAS,2024-11-30,"Meets basic needs, solid product overall.",3
1314,SC-2024-340-314,LOT340,SmartCollar,AMERICAS,2024-10-27,Works perfectly in all weather conditions. Highly recommend!,5
1315,SC-2024-340-315,LOT340,SmartCollar,AMERICAS,2024-12-12,Works perfectly in all weather conditions. Highly recommend!,5
1316,SC-2024-340-316,LOT340,SmartCollar,AMERICAS,2024-12-04,Best pet collar we've owned. Build quality is outstanding.,5
1317,SC-2024-340-317,LOT340,SmartCollar,AMERICAS,2024-10-16,Great device with excellent battery life. Very satisfied with performance.,4
1318,SC-2024-340-318,LOT340,SmartCollar,AMERICAS,2024-11-19,Exceptional quality and reliability. Could not be happier!,4
1319,SC-2024-340-319,LOT340,SmartCollar,AMERICAS,2024-11-06,Very impressed with the durability and battery life.,4
1320,SC-2024-340-320,LOT340,SmartCollar,AMERICAS,2024-12-13,Best pet collar we've owned. Build quality is outstanding.,5
1321,SC-2024-340-321,LOT340,SmartCollar,AMERICAS,2024-11-09,Great device with excellent battery life. Very satisfied with performance.,4
1322,SC-2024-340-322,LOT340,SmartCollar,AMERICAS,2024-12-03,Best pet collar we've owned. Build quality is outstanding.,4
1323,SC-2024-340-323,LOT340,SmartCollar,AMERICAS,2024-11-11,Great device with excellent battery life. Very satisfied with performance.,5
1324,SC-2024-340-324,LOT340,SmartCollar,AMERICAS,2024-11-04,Very impressed with the durability and battery life.,4
1325,SC-2024-340-325,LOT340,SmartCollar,AMERICAS,2024-12-07,Very impressed with the durability and battery life.,5
1326,SC-2024-340-326,LOT340,SmartCollar,AMERICAS,2024-11-25,Satisfactory performance overall. Does what it should.,3
1327,SC-2024-340-327,LOT340,SmartCollar,AMERICAS,2024-10-25,Satisfactory performance overall. Does what it should.,3
1328,SC-2024-340-328,LOT340,SmartCollar,AMERICAS,2024-11-19,Works perfectly in all weather conditions. Highly recommend!,4
1329,SC-2024-340-329,LOT340,SmartCollar,AMERICAS,2024-11-12,Works perfectly in all weather conditions. Highly recommend!,5
1330,SC-2024-340-330,LOT340,SmartCollar,AMERICAS,2024-11-05,Fantastic device with consistent performance. Great value for money.,4
1331,SC-2024-340-331,LOT340,SmartCollar,AMERICAS,2024-12-11,Fantastic device with consistent performance. Great value for money.,5
1332,SC-2024-340-332,LOT340,SmartCollar,AMERICAS,2024-10-20,Works perfectly in all weather conditions. Highly recommend!,4
1333,SC-2024-340-333,LOT340,SmartCollar,AMERICAS,2024-11-14,Works perfectly in all weather conditions. Highly recommend!,4
1334,SC-2024-340-334,LOT340,SmartCollar,AMERICAS,2024-11-28,Fantastic device with consistent performance. Great value for money.,5
1335,SC-2024-340-335,LOT340,SmartCollar,AMERICAS,2024-10-26,Fantastic device with consistent performance. Great value for money.,4
1336,SC-2024-340-336,LOT340,SmartCollar,AMERICAS,2024-11-21,Works perfectly in all weather conditions. Highly recommend!,5
1337,SC-2024-340-337,LOT340,SmartCollar,AMERICAS,2024-10-27,Fantastic device with consistent performance. Great value for money.,4
1338,SC-2024-340-338,LOT340,SmartCollar,AMERICAS,2024-11-27,Great device with excellent battery life. Very satisfied with performance.,5
1339,SC-2024-340-339,LOT340,SmartCollar,AMERICAS,2024-12-14,Great device with excellent battery life. Very satisfied with performance.,4
1340,SC-2024-340-340,LOT340,SmartCollar,AMERICAS,2024-11-24,Good basic functionality but always room for improvement.,2
1341,SC-2024-340-341,LOT340,SmartCollar,AMERICAS,2024-11-24,Perfect collar with amazing battery performance. Highly recommend!,4
1342,SC-2024-340-342,LOT340,SmartCollar,AMERICAS,2024-11-25,Perfect collar with amazing battery performance. Highly recommend!,5
1343,SC-2024-340-343,LOT340,SmartCollar,AMERICAS,2024-11-22,Fantastic device with consistent performance. Great value for money.,4
1344,SC-2024-340-344,LOT340,SmartCollar,AMERICAS,2024-11-23,Great device with excellent battery life. Very satisfied with performance.,5
1345,SC-2024-340-345,LOT340,SmartCollar,AMERICAS,2024-10-20,Satisfactory performance overall. Does what it should.,2
1346,SC-2024-340-346,LOT340,SmartCollar,AMERICAS,2024-12-07,Exceptional quality and reliability. Could not be happier!,4
1347,SC-2024-340-347,LOT340,SmartCollar,AMERICAS,2024-10-26,Best pet collar we've owned. Build quality is outstanding.,5
1348,SC-2024-340-348,LOT340,SmartCollar,AMERICAS,2024-12-08,Works perfectly in all weather conditions. Highly recommend!,4
1349,SC-2024-340-349,LOT340,SmartCollar,AMERICAS,2024-10-25,"Meets basic needs, solid product overall.",3
1350,SC-2024-340-350,LOT340,SmartCollar,AMERICAS,2024-12-08,Fantastic device with consistent performance. Great value for money.,4
1351,SC-2024-339-001,LOT339,SmartCollar,APAC,2024-12-06,Great device with excellent battery life. Very satisfied with performance.,5
1352,SC-2024-339-002,LOT339,SmartCollar,APAC,2024-11-10,Perfect collar with amazing battery performance. Highly recommend!,5
1353,SC-2024-339-003,LOT339,SmartCollar,APAC,2024-10-19,"Meets basic needs, solid product overall.",3
1354,SC-2024-339-004,LOT339,SmartCollar,APAC,2024-12-04,Perfect collar with amazing battery performance. Highly recommend!,4
1355,SC-2024-339-005,LOT339,SmartCollar,APAC,2024-12-04,Fantastic device with consistent performance. Great value for money.,4
1356,SC-2024-339-006,LOT339,SmartCollar,APAC,2024-10-18,Works perfectly in all weather conditions. Highly recommend!,5
1357,SC-2024-339-007,LOT339,SmartCollar,APAC,2024-10-23,Perfect collar with amazing battery performance. Highly recommend!,4
1358,SC-2024-339-008,LOT339,SmartCollar,APAC,2024-11-10,Good basic functionality but always room for improvement.,3
1359,SC-2024-339-009,LOT339,SmartCollar,APAC,2024-11-05,Fantastic device with consistent performance. Great value for money.,5
1360,SC-2024-339-010,LOT339,SmartCollar,APAC,2024-10-26,Fantastic device with consistent performance. Great value for money.,5
1361,SC-2024-339-011,LOT339,SmartCollar,APAC,2024-11-07,Great device with excellent battery life. Very satisfied with performance.,4
1362,SC-2024-339-012,LOT339,SmartCollar,APAC,2024-10-19,Works perfectly in all weather conditions. Highly recommend!,5
1363,SC-2024-339-013,LOT339,SmartCollar,APAC,2024-10-22,Exceptional quality and reliability. Could not be happier!,4
1364,SC-2024-339-014,LOT339,SmartCollar,APAC,2024-10-18,Exceptional quality and reliability. Could not be happier!,5
1365,SC-2024-339-015,LOT339,SmartCollar,APAC,2024-10-24,Love this product! Battery lasts forever and GPS is accurate.,4
1366,SC-2024-339-016,LOT339,SmartCollar,APAC,2024-10-27,Great device with excellent battery life. Very satisfied with performance.,4
1367,SC-2024-339-017,LOT339,SmartCollar,APAC,2024-11-18,Works perfectly in all weather conditions. Highly recommend!,5
1368,SC-2024-339-018,LOT339,SmartCollar,APAC,2024-12-03,Fantastic device with consistent performance. Great value for money.,4
1369,SC-2024-339-019,LOT339,SmartCollar,APAC,2024-10-28,Fantastic device with consistent performance. Great value for money.,5
1370,SC-2024-339-020,LOT339,SmartCollar,APAC,2024-11-15,Great device with excellent battery life. Very satisfied with performance.,4
1371,SC-2024-339-021,LOT339,SmartCollar,APAC,2024-11-06,Works as expected. Decent value for money.,3
1372,SC-2024-339-022,LOT339,SmartCollar,APAC,2024-11-05,Good basic functionality but always room for improvement.,3
1373,SC-2024-339-023,LOT339,SmartCollar,APAC,2024-11-26,Love this product! Battery lasts forever and GPS is accurate.,4
1374,SC-2024-339-024,LOT339,SmartCollar,APAC,2024-12-07,Best pet collar we've owned. Build quality is outstanding.,4
1375,SC-2024-339-025,LOT339,SmartCollar,APAC,2024-10-24,Love this product! Battery lasts forever and GPS is accurate.,5
1376,SC-2024-339-026,LOT339,SmartCollar,APAC,2024-11-07,Best pet collar we've owned. Build quality is outstanding.,5
1377,SC-2024-339-027,LOT339,SmartCollar,APAC,2024-12-02,Perfect collar with amazing battery performance. Highly recommend!,5
1378,SC-2024-339-028,LOT339,SmartCollar,APAC,2024-12-05,Works perfectly in all weather conditions. Highly recommend!,4
1379,SC-2024-339-029,LOT339,SmartCollar,APAC,2024-10-21,Fantastic device with consistent performance. Great value for money.,4
1380,SC-2024-339-030,LOT339,SmartCollar,APAC,2024-10-24,Best pet collar we've owned. Build quality is outstanding.,4
1381,SC-2024-339-031,LOT339,SmartCollar,APAC,2024-11-01,Works as expected. Decent value for money.,2
1382,SC-2024-339-032,LOT339,SmartCollar,APAC,2024-12-09,Love this product! Battery lasts forever and GPS is accurate.,4
1383,SC-2024-339-033,LOT339,SmartCollar,APAC,2024-10-29,Works as expected. Decent value for money.,3
1384,SC-2024-339-034,LOT339,SmartCollar,APAC,2024-11-19,Fantastic device with consistent performance. Great value for money.,4
1385,SC-2024-339-035,LOT339,SmartCollar,APAC,2024-11-17,Great device with excellent battery life. Very satisfied with performance.,4
1386,SC-2024-339-036,LOT339,SmartCollar,APAC,2024-12-04,Perfect collar with amazing battery performance. Highly recommend!,5
1387,SC-2024-339-037,LOT339,SmartCollar,APAC,2024-12-14,Exceptional quality and reliability. Could not be happier!,5
1388,SC-2024-339-038,LOT339,SmartCollar,APAC,2024-10-24,Exceptional quality and reliability. Could not be happier!,4
1389,SC-2024-339-039,LOT339,SmartCollar,APAC,2024-10-20,Best pet collar we've owned. Build quality is outstanding.,4
1390,SC-2024-339-040,LOT339,SmartCollar,APAC,2024-12-12,Exceptional quality and reliability. Could not be happier!,4
1391,SC-2024-339-041,LOT339,SmartCollar,APAC,2024-10-17,Perfect collar with amazing battery performance. Highly recommend!,5
1392,SC-2024-339-042,LOT339,SmartCollar,APAC,2024-11-08,Great device with excellent battery life. Very satisfied with performance.,5
1393,SC-2024-339-043,LOT339,SmartCollar,APAC,2024-10-28,Very impressed with the durability and battery life.,4
1394,SC-2024-339-044,LOT339,SmartCollar,APAC,2024-11-29,Love this product! Battery lasts forever and GPS is accurate.,4
1395,SC-2024-339-045,LOT339,SmartCollar,APAC,2024-12-01,Great device with excellent battery life. Very satisfied with performance.,4
1396,SC-2024-339-046,LOT339,SmartCollar,APAC,2024-12-01,Works perfectly in all weather conditions. Highly recommend!,4
1397,SC-2024-339-047,LOT339,SmartCollar,APAC,2024-10-31,Satisfactory performance overall. Does what it should.,3
1398,SC-2024-339-048,LOT339,SmartCollar,APAC,2024-11-13,Works perfectly in all weather conditions. Highly recommend!,5
1399,SC-2024-339-049,LOT339,SmartCollar,APAC,2024-10-25,Very impressed with the durability and battery life.,5
1400,SC-2024-339-050,LOT339,SmartCollar,APAC,2024-12-14,Great device with excellent battery life. Very satisfied with performance.,4
1401,SC-2024-339-051,LOT339,SmartCollar,APAC,2024-11-09,Fantastic device with consistent performance. Great value for money.,4
1402,SC-2024-339-052,LOT339,SmartCollar,APAC,2024-11-23,Perfect collar with amazing battery performance. Highly recommend!,5
1403,SC-2024-339-053,LOT339,SmartCollar,APAC,2024-11-16,Very impressed with the durability and battery life.,4
1404,SC-2024-339-054,LOT339,SmartCollar,APAC,2024-11-16,Love this product! Battery lasts forever and GPS is accurate.,4
1405,SC-2024-339-055,LOT339,SmartCollar,APAC,2024-10-27,Fantastic device with consistent performance. Great value for money.,4
1406,SC-2024-339-056,LOT339,SmartCollar,APAC,2024-11-14,Works perfectly in all weather conditions. Highly recommend!,5
1407,SC-2024-339-057,LOT339,SmartCollar,APAC,2024-10-18,Love this product! Battery lasts forever and GPS is accurate.,5
1408,SC-2024-339-058,LOT339,SmartCollar,APAC,2024-10-25,Great device with excellent battery life. Very satisfied with performance.,5
1409,SC-2024-339-059,LOT339,SmartCollar,APAC,2024-10-16,Exceptional quality and reliability. Could not be happier!,4
1410,SC-2024-339-060,LOT339,SmartCollar,APAC,2024-10-24,Works perfectly in all weather conditions. Highly recommend!,5
1411,SC-2024-339-061,LOT339,SmartCollar,APAC,2024-10-18,Works perfectly in all weather conditions. Highly recommend!,5
1412,SC-2024-339-062,LOT339,SmartCollar,APAC,2024-12-04,Works as expected. Decent value for money.,3
1413,SC-2024-339-063,LOT339,SmartCollar,APAC,2024-11-04,Best pet collar we've owned. Build quality is outstanding.,5
1414,SC-2024-339-064,LOT339,SmartCollar,APAC,2024-11-24,Fantastic device with consistent performance. Great value for money.,4
1415,SC-2024-339-065,LOT339,SmartCollar,APAC,2024-11-11,Perfect collar with amazing battery performance. Highly recommend!,4
1416,SC-2024-339-066,LOT339,SmartCollar,APAC,2024-11-01,Exceptional quality and reliability. Could not be happier!,5
1417,SC-2024-339-067,LOT339,SmartCollar,APAC,2024-10-17,Fantastic device with consistent performance. Great value for money.,5
1418,SC-2024-339-068,LOT339,SmartCollar,APAC,2024-10-23,Exceptional quality and reliability. Could not be happier!,5
1419,SC-2024-339-069,LOT339,SmartCollar,APAC,2024-11-20,Perfect collar with amazing battery performance. Highly recommend!,5
1420,SC-2024-339-070,LOT339,SmartCollar,APAC,2024-10-15,Works perfectly in all weather conditions. Highly recommend!,5
1421,SC-2024-339-071,LOT339,SmartCollar,APAC,2024-11-02,Perfect collar with amazing battery performance. Highly recommend!,5
1422,SC-2024-339-072,LOT339,SmartCollar,APAC,2024-11-07,Works perfectly in all weather conditions. Highly recommend!,4
1423,SC-2024-339-073,LOT339,SmartCollar,APAC,2024-11-23,Very impressed with the durability and battery life.,5
1424,SC-2024-339-074,LOT339,SmartCollar,APAC,2024-12-06,Love this product! Battery lasts forever and GPS is accurate.,4
1425,SC-2024-339-075,LOT339,SmartCollar,APAC,2024-11-28,Love this product! Battery lasts forever and GPS is accurate.,4
1426,SC-2024-339-076,LOT339,SmartCollar,APAC,2024-10-25,Good basic functionality but always room for improvement.,3
1427,SC-2024-339-077,LOT339,SmartCollar,APAC,2024-11-16,"Meets basic needs, solid product overall.",1
1428,SC-2024-339-078,LOT339,SmartCollar,APAC,2024-10-21,Perfect collar with amazing battery performance. Highly recommend!,4
1429,SC-2024-339-079,LOT339,SmartCollar,APAC,2024-12-11,Satisfactory performance overall. Does what it should.,3
1430,SC-2024-339-080,LOT339,SmartCollar,APAC,2024-10-15,Very impressed with the durability and battery life.,5
1431,SC-2024-339-081,LOT339,SmartCollar,APAC,2024-12-03,Satisfactory performance overall. Does what it should.,3
1432,SC-2024-339-082,LOT339,SmartCollar,APAC,2024-10-31,Love this product! Battery lasts forever and GPS is accurate.,4
1433,SC-2024-339-083,LOT339,SmartCollar,APAC,2024-11-27,Exceptional quality and reliability. Could not be happier!,5
1434,SC-2024-339-084,LOT339,SmartCollar,APAC,2024-10-23,Fantastic device with consistent performance. Great value for money.,4
1435,SC-2024-339-085,LOT339,SmartCollar,APAC,2024-11-24,Exceptional quality and reliability. Could not be happier!,4
1436,SC-2024-339-086,LOT339,SmartCollar,APAC,2024-10-21,Exceptional quality and reliability. Could not be happier!,5
1437,SC-2024-339-087,LOT339,SmartCollar,APAC,2024-11-25,Best pet collar we've owned. Build quality is outstanding.,5
1438,SC-2024-339-088,LOT339,SmartCollar,APAC,2024-11-20,Works perfectly in all weather conditions. Highly recommend!,4
1439,SC-2024-339-089,LOT339,SmartCollar,APAC,2024-10-22,Great device with excellent battery life. Very satisfied with performance.,5
1440,SC-2024-339-090,LOT339,SmartCollar,APAC,2024-10-21,Works perfectly in all weather conditions. Highly recommend!,5
1441,SC-2024-339-091,LOT339,SmartCollar,APAC,2024-12-06,Great device with excellent battery life. Very satisfied with performance.,5
1442,SC-2024-339-092,LOT339,SmartCollar,APAC,2024-11-26,Fantastic device with consistent performance. Great value for money.,4
1443,SC-2024-339-093,LOT339,SmartCollar,APAC,2024-11-26,Good basic functionality but always room for improvement.,3
1444,SC-2024-339-094,LOT339,SmartCollar,APAC,2024-11-22,Very impressed with the durability and battery life.,5
1445,SC-2024-339-095,LOT339,SmartCollar,APAC,2024-11-16,Works as expected. Decent value for money.,3
1446,SC-2024-339-096,LOT339,SmartCollar,APAC,2024-12-07,Works as expected. Decent value for money.,3
1447,SC-2024-339-097,LOT339,SmartCollar,APAC,2024-11-15,Great device with excellent battery life. Very satisfied with performance.,4
1448,SC-2024-339-098,LOT339,SmartCollar,APAC,2024-11-18,Works perfectly in all weather conditions. Highly recommend!,4
1449,SC-2024-339-099,LOT339,SmartCollar,APAC,2024-11-01,Great device with excellent battery life. Very satisfied with performance.,5
1450,SC-2024-339-100,LOT339,SmartCollar,APAC,2024-12-06,Works perfectly in all weather conditions. Highly recommend!,5
1451,SC-2024-339-101,LOT339,SmartCollar,APAC,2024-10-28,Exceptional quality and reliability. Could not be happier!,5
1452,SC-2024-339-102,LOT339,SmartCollar,APAC,2024-10-22,Great device with excellent battery life. Very satisfied with performance.,5
1453,SC-2024-339-103,LOT339,SmartCollar,APAC,2024-10-28,Exceptional quality and reliability. Could not be happier!,5
1454,SC-2024-339-104,LOT339,SmartCollar,APAC,2024-11-22,"Meets basic needs, solid product overall.",3
1455,SC-2024-339-105,LOT339,SmartCollar,APAC,2024-10-27,Very impressed with the durability and battery life.,5
1456,SC-2024-339-106,LOT339,SmartCollar,APAC,2024-11-20,Very impressed with the durability and battery life.,5
1457,SC-2024-339-107,LOT339,SmartCollar,APAC,2024-11-24,Fantastic device with consistent performance. Great value for money.,4
1458,SC-2024-339-108,LOT339,SmartCollar,APAC,2024-11-07,Exceptional quality and reliability. Could not be happier!,4
1459,SC-2024-339-109,LOT339,SmartCollar,APAC,2024-11-03,Very impressed with the durability and battery life.,4
1460,SC-2024-339-110,LOT339,SmartCollar,APAC,2024-10-27,Love this product! Battery lasts forever and GPS is accurate.,4
1461,SC-2024-339-111,LOT339,SmartCollar,APAC,2024-11-01,Perfect collar with amazing battery performance. Highly recommend!,5
1462,SC-2024-339-112,LOT339,SmartCollar,APAC,2024-12-09,Very impressed with the durability and battery life.,4
1463,SC-2024-339-113,LOT339,SmartCollar,APAC,2024-12-05,Works perfectly in all weather conditions. Highly recommend!,4
1464,SC-2024-339-114,LOT339,SmartCollar,APAC,2024-11-02,Satisfactory performance overall. Does what it should.,3
1465,SC-2024-339-115,LOT339,SmartCollar,APAC,2024-11-24,Satisfactory performance overall. Does what it should.,3
1466,SC-2024-339-116,LOT339,SmartCollar,APAC,2024-11-28,Best pet collar we've owned. Build quality is outstanding.,5
1467,SC-2024-339-117,LOT339,SmartCollar,APAC,2024-12-06,Great device with excellent battery life. Very satisfied with performance.,4
1468,SC-2024-339-118,LOT339,SmartCollar,APAC,2024-12-11,Fantastic device with consistent performance. Great value for money.,5
1469,SC-2024-339-119,LOT339,SmartCollar,APAC,2024-10-27,Good basic functionality but always room for improvement.,3
1470,SC-2024-339-120,LOT339,SmartCollar,APAC,2024-11-20,Great device with excellent battery life. Very satisfied with performance.,5
1471,SC-2024-339-121,LOT339,SmartCollar,APAC,2024-12-13,Very impressed with the durability and battery life.,4
1472,SC-2024-339-122,LOT339,SmartCollar,APAC,2024-11-09,"Meets basic needs, solid product overall.",3
1473,SC-2024-339-123,LOT339,SmartCollar,APAC,2024-12-06,Best pet collar we've owned. Build quality is outstanding.,5
1474,SC-2024-339-124,LOT339,SmartCollar,APAC,2024-11-13,Love this product! Battery lasts forever and GPS is accurate.,5
1475,SC-2024-339-125,LOT339,SmartCollar,APAC,2024-10-20,Best pet collar we've owned. Build quality is outstanding.,5
1476,SC-2024-339-126,LOT339,SmartCollar,APAC,2024-12-09,Fantastic device with consistent performance. Great value for money.,5
1477,SC-2024-339-127,LOT339,SmartCollar,APAC,2024-11-04,Love this product! Battery lasts forever and GPS is accurate.,4
1478,SC-2024-339-128,LOT339,SmartCollar,APAC,2024-11-08,Exceptional quality and reliability. Could not be happier!,4
1479,SC-2024-339-129,LOT339,SmartCollar,APAC,2024-11-24,Exceptional quality and reliability. Could not be happier!,5
1480,SC-2024-339-130,LOT339,SmartCollar,APAC,2024-12-07,Works perfectly in all weather conditions. Highly recommend!,5
1481,SC-2024-339-131,LOT339,SmartCollar,APAC,2024-12-01,Fantastic device with consistent performance. Great value for money.,5
1482,SC-2024-339-132,LOT339,SmartCollar,APAC,2024-11-20,Perfect collar with amazing battery performance. Highly recommend!,5
1483,SC-2024-339-133,LOT339,SmartCollar,APAC,2024-11-12,Best pet collar we've owned. Build quality is outstanding.,4
1484,SC-2024-339-134,LOT339,SmartCollar,APAC,2024-11-24,Fantastic device with consistent performance. Great value for money.,4
1485,SC-2024-339-135,LOT339,SmartCollar,APAC,2024-12-09,Very impressed with the durability and battery life.,5
1486,SC-2024-339-136,LOT339,SmartCollar,APAC,2024-11-03,Good basic functionality but always room for improvement.,3
1487,SC-2024-339-137,LOT339,SmartCollar,APAC,2024-11-20,Very impressed with the durability and battery life.,4
1488,SC-2024-339-138,LOT339,SmartCollar,APAC,2024-12-04,Great device with excellent battery life. Very satisfied with performance.,5
1489,SC-2024-339-139,LOT339,SmartCollar,APAC,2024-11-23,Satisfactory performance overall. Does what it should.,3
1490,SC-2024-339-140,LOT339,SmartCollar,APAC,2024-12-04,Very impressed with the durability and battery life.,4
1491,SC-2024-339-141,LOT339,SmartCollar,APAC,2024-11-16,Perfect collar with amazing battery performance. Highly recommend!,5
1492,SC-2024-339-142,LOT339,SmartCollar,APAC,2024-11-08,Great device with excellent battery life. Very satisfied with performance.,4
1493,SC-2024-339-143,LOT339,SmartCollar,APAC,2024-11-01,Great device with excellent battery life. Very satisfied with performance.,5
1494,SC-2024-339-144,LOT339,SmartCollar,APAC,2024-11-02,Best pet collar we've owned. Build quality is outstanding.,5
1495,SC-2024-339-145,LOT339,SmartCollar,APAC,2024-11-01,Fantastic device with consistent performance. Great value for money.,5
1496,SC-2024-339-146,LOT339,SmartCollar,APAC,2024-12-02,Very impressed with the durability and battery life.,4
1497,SC-2024-339-147,LOT339,SmartCollar,APAC,2024-12-13,Best pet collar we've owned. Build quality is outstanding.,4
1498,SC-2024-339-148,LOT339,SmartCollar,APAC,2024-12-13,Very impressed with the durability and battery life.,4
1499,SC-2024-339-149,LOT339,SmartCollar,APAC,2024-12-10,Good basic functionality but always room for improvement.,3
1500,SC-2024-339-150,LOT339,SmartCollar,APAC,2024-11-08,Satisfactory performance overall. Does what it should.,3
1501,SC-2024-339-151,LOT339,SmartCollar,APAC,2024-12-04,Very impressed with the durability and battery life.,5
1502,SC-2024-339-152,LOT339,SmartCollar,APAC,2024-12-02,Great device with excellent battery life. Very satisfied with performance.,4
1503,SC-2024-339-153,LOT339,SmartCollar,APAC,2024-10-26,Works perfectly in all weather conditions. Highly recommend!,4
1504,SC-2024-339-154,LOT339,SmartCollar,APAC,2024-10-16,Good basic functionality but always room for improvement.,3
1505,SC-2024-339-155,LOT339,SmartCollar,APAC,2024-10-19,Exceptional quality and reliability. Could not be happier!,5
1506,SC-2024-339-156,LOT339,SmartCollar,APAC,2024-12-14,Good basic functionality but always room for improvement.,3
1507,SC-2024-339-157,LOT339,SmartCollar,APAC,2024-11-30,Perfect collar with amazing battery performance. Highly recommend!,5
1508,SC-2024-339-158,LOT339,SmartCollar,APAC,2024-10-28,Exceptional quality and reliability. Could not be happier!,4
1509,SC-2024-339-159,LOT339,SmartCollar,APAC,2024-11-05,Best pet collar we've owned. Build quality is outstanding.,5
1510,SC-2024-339-160,LOT339,SmartCollar,APAC,2024-11-12,Works as expected. Decent value for money.,3
1511,SC-2024-339-161,LOT339,SmartCollar,APAC,2024-11-25,Works perfectly in all weather conditions. Highly recommend!,5
1512,SC-2024-339-162,LOT339,SmartCollar,APAC,2024-11-08,Exceptional quality and reliability. Could not be happier!,5
1513,SC-2024-339-163,LOT339,SmartCollar,APAC,2024-11-11,Love this product! Battery lasts forever and GPS is accurate.,5
1514,SC-2024-339-164,LOT339,SmartCollar,APAC,2024-10-19,Very impressed with the durability and battery life.,5
1515,SC-2024-339-165,LOT339,SmartCollar,APAC,2024-11-16,Best pet collar we've owned. Build quality is outstanding.,5
1516,SC-2024-339-166,LOT339,SmartCollar,APAC,2024-11-12,Love this product! Battery lasts forever and GPS is accurate.,4
1517,SC-2024-339-167,LOT339,SmartCollar,APAC,2024-11-05,Fantastic device with consistent performance. Great value for money.,5
1518,SC-2024-339-168,LOT339,SmartCollar,APAC,2024-11-04,Perfect collar with amazing battery performance. Highly recommend!,5
1519,SC-2024-339-169,LOT339,SmartCollar,APAC,2024-12-10,Great device with excellent battery life. Very satisfied with performance.,4
1520,SC-2024-339-170,LOT339,SmartCollar,APAC,2024-12-09,Exceptional quality and reliability. Could not be happier!,4
1521,SC-2024-339-171,LOT339,SmartCollar,APAC,2024-11-13,Best pet collar we've owned. Build quality is outstanding.,5
1522,SC-2024-339-172,LOT339,SmartCollar,APAC,2024-10-25,Perfect collar with amazing battery performance. Highly recommend!,4
1523,SC-2024-339-173,LOT339,SmartCollar,APAC,2024-11-07,"Meets basic needs, solid product overall.",3
1524,SC-2024-339-174,LOT339,SmartCollar,APAC,2024-11-21,Very impressed with the durability and battery life.,5
1525,SC-2024-339-175,LOT339,SmartCollar,APAC,2024-12-13,Perfect collar with amazing battery performance. Highly recommend!,5
1526,SC-2024-339-176,LOT339,SmartCollar,APAC,2024-10-24,Very impressed with the durability and battery life.,4
1527,SC-2024-339-177,LOT339,SmartCollar,APAC,2024-12-05,Exceptional quality and reliability. Could not be happier!,5
1528,SC-2024-339-178,LOT339,SmartCollar,APAC,2024-11-03,Very impressed with the durability and battery life.,4
1529,SC-2024-339-179,LOT339,SmartCollar,APAC,2024-10-30,Best pet collar we've owned. Build quality is outstanding.,5
1530,SC-2024-339-180,LOT339,SmartCollar,APAC,2024-11-24,Fantastic device with consistent performance. Great value for money.,4
1531,SC-2024-339-181,LOT339,SmartCollar,APAC,2024-10-28,Love this product! Battery lasts forever and GPS is accurate.,5
1532,SC-2024-339-182,LOT339,SmartCollar,APAC,2024-11-17,Love this product! Battery lasts forever and GPS is accurate.,5
1533,SC-2024-339-183,LOT339,SmartCollar,APAC,2024-11-26,Exceptional quality and reliability. Could not be happier!,5
1534,SC-2024-339-184,LOT339,SmartCollar,APAC,2024-11-03,Exceptional quality and reliability. Could not be happier!,5
1535,SC-2024-339-185,LOT339,SmartCollar,APAC,2024-11-28,Exceptional quality and reliability. Could not be happier!,4
1536,SC-2024-339-186,LOT339,SmartCollar,APAC,2024-10-17,Satisfactory performance overall. Does what it should.,2
1537,SC-2024-339-187,LOT339,SmartCollar,APAC,2024-11-25,Exceptional quality and reliability. Could not be happier!,5
1538,SC-2024-339-188,LOT339,SmartCollar,APAC,2024-11-05,Works perfectly in all weather conditions. Highly recommend!,5
1539,SC-2024-339-189,LOT339,SmartCollar,APAC,2024-10-19,Satisfactory performance overall. Does what it should.,3
1540,SC-2024-339-190,LOT339,SmartCollar,APAC,2024-12-03,Great device with excellent battery life. Very satisfied with performance.,5
1541,SC-2024-339-191,LOT339,SmartCollar,APAC,2024-11-22,Fantastic device with consistent performance. Great value for money.,5
1542,SC-2024-339-192,LOT339,SmartCollar,APAC,2024-12-14,Perfect collar with amazing battery performance. Highly recommend!,5
1543,SC-2024-339-193,LOT339,SmartCollar,APAC,2024-11-15,Great device with excellent battery life. Very satisfied with performance.,4
1544,SC-2024-339-194,LOT339,SmartCollar,APAC,2024-12-11,Exceptional quality and reliability. Could not be happier!,5
1545,SC-2024-339-195,LOT339,SmartCollar,APAC,2024-11-02,Good basic functionality but always room for improvement.,3
1546,SC-2024-339-196,LOT339,SmartCollar,APAC,2024-11-22,Very impressed with the durability and battery life.,5
1547,SC-2024-339-197,LOT339,SmartCollar,APAC,2024-11-11,Works perfectly in all weather conditions. Highly recommend!,5
1548,SC-2024-339-198,LOT339,SmartCollar,APAC,2024-10-29,"Meets basic needs, solid product overall.",3
1549,SC-2024-339-199,LOT339,SmartCollar,APAC,2024-11-18,Perfect collar with amazing battery performance. Highly recommend!,5
1550,SC-2024-339-200,LOT339,SmartCollar,APAC,2024-10-29,Exceptional quality and reliability. Could not be happier!,4
